Customer Name,Plant,Target Quantity,Distance,Freight Rate,Amount
SUPER GRANITES - JEEDIMETLA,GIR, 200 ,52.788,2.9," 30,617.04 "
MANJU MYTHRI INFRA - KOLLUR,LKDRM2, 250 ,45.026,2.5," 28,141.25 "
MANJU MYTHRI INFRA - KOLLUR,LKDRM2, 150 ,45.026,2.5," 16,884.75 "
G SURESH KUMAR - KOTHAPET,RSDSH, 60 ,52.228,2.5," 7,834.20 "
BOORUGU INFRA PROJECTS PRIVATE LIMITED - ERRAMAZIL,RSDSH, 200 ,82.714,2.5," 41,357.00 "
CMG BUILDERS - OSMANNAGAR,GIR, 100 ,95.928,2.9," 27,819.12 "
CMG BUILDERS - OSMANNAGAR,SLKPY, 60 ,54.33,2.5," 8,149.50 "
SHREE ANURAG PROJECTS - THUMKUNTA,GIR, 100 ,51.158,2.9," 14,835.82 "
SHREE ANURAG PROJECTS - THUMKUNTA,GIR II, 100 ,51.434,2.9," 14,915.86 "
LISBON CONSTRUCTION CHEMICALS - KATEDAN,RSDSH, 30 ,94.126,2.5," 7,059.45 "
PRAGATHI INFRA - PRAGATHI NAGAR,GIR, 100 ,43.108,2.9," 12,501.32 "
GT INFRA PROJECTS PVT LTD - PATANCHERUVU,GIR, 50 ,63.798,2.9," 9,250.71 "
GT INFRA PROJECTS PVT LTD - PATANCHERUVU,SLKPY, 200 ,22.88,100," 20,000.00 "
GT INFRA PROJECTS PVT LTD - PATANCHERUVU,SLKPY, 120 ,22.88,100," 12,000.00 "
GT INFRA PROJECTS PVT LTD - PATANCHERUVU,SLKPY, 60 ,22.88,100," 6,000.00 "
SURABHI ESTATES PVT LTD,LKDRM2, 35 ,57.442,2.5," 5,026.17 "
EMPIRE MEADOWS PVT LTD - BACHUPALLI,GIR, 50 ,53.27,2.9," 7,724.15 "
FRONTLINE BUIDERS - GANDIPET,GIR, 100 ,96.894,2.9," 28,099.26 "
PINNACALE INFRATECH - KONDAPUR,GIR, 50 ,70.512,2.9," 10,224.24 "
SHREE VENKATESHWARA AMUSEMENTS,GIR, 60 ,84.32,2.9," 14,671.68 "
SHREE VENKATESHWARA AMUSEMENTS,SLKPY, 120 ,67.92,2.5," 20,376.00 "
SHREE VENKATESHWARA AMUSEMENTS,LKDRM2, 30 ,70.448,2.5," 5,283.60 "
SHREE VENKATESHWARA AMUSEMENTS,LKDRM2, 30 ,70.448,2.5," 5,283.60 "
J L SATHGURU DEVELOPERS AND CONSTRUCTIONS,RSDSH, 60 ,65.344,2.5," 9,801.60 "
RNG INFRA - BOWRAMPET,GIR, 300 ,32.432,2.9," 28,215.84 "
P JANGA REDDY - DHANDAMUDI ENCLAVE,GIR II, 50 ,40.382,2.9," 5,855.39 "
SBSV INFRA - BEERAMGUDA ROAD RC PURAM,LKDRM2, 35 ,38.154,100," 3,500.00 "
GUNJI SRINIVAS - MUNUGANUR,RSDSH, 60 ,50.856,2.5," 7,628.40 "
ALLIANCE INN (INDIA) PRIVATE LIMITED,GIR, 100 ,56.236,2.9," 16,308.44 "
LSR TUDOR INFRA LLP - KOKAPET,GIR, 300 ,92.17,2.9," 80,187.90 "
LSR TUDOR INFRA LLP - KOKAPET,LKDRM2, 400 ,70.05,2.5," 70,050.00 "
SAI DEEPTHI CONSTRUCTIONS - MARUTHINAGAR,RSDSH, 30 ,19,100," 3,000.00 "
SUPER HOMES CONSTRUCTIONS,RSDSH, 100 ,63.802,2.5," 15,950.50 "
OM SREE BUILDERS & DEVELOPERS LLP - YAPRAL,KSR4," 1000 ",50,2.5," 125,000.00 "
OM SREE BUILDERS & DEVELOPERS LLP - YAPRAL,KSR4," 1000 ",50,2.5," 125,000.00 "
OM SREE BUILDERS & DEVELOPERS LLP - YAPRAL,KSR4," 1000 ",50,2.5," 125,000.00 "
TRUE INTEGRAL CONCRETE PRIVATE LIMITED,SLKPY, 200 ,54.8,2.5," 27,400.00 "
TRUE INTEGRAL CONCRETE PRIVATE LIMITED,SLKPY, 200 ,54.8,2.5," 27,400.00 "
NIKHILSAI KRISHNA INFRA LLP,GIR, 150 ,54.24,2.9," 23,594.40 "
NIKHILSAI KRISHNA INFRA LLP,GIR, 100 ,54.24,2.9," 15,729.60 "
NIKHILSAI KRISHNA INFRA LLP,GIR, 50 ,54.24,2.9," 7,864.80 "
SREE CONSTRUCTIONS IDA - BOLLARAM,GIR II, 800 ,47.102,2.9," 109,276.64 "
SREE CONSTRUCTIONS IDA - BOLLARAM,GIR II, 500 ,47.102,2.9," 68,297.90 "
SREE CONSTRUCTIONS IDA - BOLLARAM,GIR II, 800 ,47.102,2.9," 109,276.64 "
PALLAVI DEVELOPERS - BANDLAGUDA,RSDSH, 60 ,45.478,2.5," 6,821.70 "
M.R ENTERPRISES,GIR, 25 ,0,2.9, -   
A KOMALA - BUCHUPALLY,GIR, 50 ,49.266,2.9," 7,143.57 "
SREEMUKH NAMITHA HOMES PVT LTD,LKDRM2," 1000 ",60.934,2.5," 152,335.00 "
SREEMUKH NAMITHA HOMES PVT LTD,GIR," 1,400 ",72.99,2.9," 296,339.40 "
SREEMUKH NAMITHA HOMES PVT LTD,GIR II," 1,800 ",73.268,2.9," 382,458.96 "
RAJYALAXMI INFRA DEVELOPERS - MEERPET,RSDSH, 60 ,66.836,2.5," 10,025.40 "
RDC CONCRETE INDIA PRIVATE LIMITED - PATANCHENU,SLKPY, 800 ,23.81,100," 80,000.00 "
RDC CONCRETE INDIA PRIVATE LIMITED - PATANCHENU,SLKPY, 800 ,23.81,100," 80,000.00 "
RDC CONCRETE INDIA PRIVATE LIMITED - PATANCHENU,SLKPY, 700 ,23.81,100," 70,000.00 "
AAKRITI CONSTRUCTIONS AND DEVELOPERS PVT LTD,GIR, 250 ,78.742,2.9," 57,087.95 "
FELIX HOMES - NALLAGANDLA,SLKPY, 120 ,41.25,2.5," 12,375.00 "
ELITE CONSTRUCTIONS - KISMATHPUR,RSDSH, 280 ,98.944,2.5," 69,260.80 "
HARDHIK CONSTRUCTIONS PVT LTD - BANDLAGUDA,RSDSH, 80 ,105.406,2.5," 21,081.20 "
HARDHIK CONSTRUCTIONS PVT LTD - BANDLAGUDA,RSDSH, 275 ,105.406,2.5," 72,466.63 "
GREATER INFRA PROJECTS PRIVATE LIMITED - JP NAGAR HMT HILLS,GIR," 1000 ",61.714,2.9," 178,970.60 "
GREATER INFRA PROJECTS PRIVATE LIMITED - JP NAGAR HMT HILLS,GIR," 1000 ",61.714,2.9," 178,970.60 "
PALLERLA SOLOMON REDDY - BALAPUR,RSDSH, 30 ,76.556,2.5," 5,741.70 "
GOOD TIME BUILDERS AND DEVELOPERS - ISNAPUR,GIR, 50 ,75.474,2.9," 10,943.73 "
GOOD TIME BUILDERS AND DEVELOPERS - ISNAPUR,LKDRM2, 200 ,34.13,100," 20,000.00 "
GOOD TIME BUILDERS AND DEVELOPERS - ISNAPUR,LKDRM2, 200 ,34.13,100," 20,000.00 "
ADITYA DEVELOPERS - (SAPTHAGIRI) NALLAGANDLA,GIR, 100 ,77.972,2.9," 22,611.88 "
ADITYA DEVELOPERS - (SAPTHAGIRI) NALLAGANDLA,LKDRM2, 100 ,54.34,2.5," 13,585.00 "
ACC LIMITED - IDA BACHUPALLY,SLKPY, 400 ,37.95,100," 40,000.00 "
ACC LIMITED - IDA BACHUPALLY,SLKPY, 300 ,37.95,100," 30,000.00 "
ACC LIMITED - IDA BACHUPALLY,SLKPY, 300 ,37.95,100," 30,000.00 "
PRIMARK ENTERPRISES - BAHADUR PALLY,GIR, 100 ,34.366,2.9," 9,966.14 "
PRIMARK ENTERPRISES - BAHADUR PALLY,GIR, 800 ,34.366,2.9," 79,729.12 "
PRIMARK ENTERPRISES - BAHADUR PALLY,GIR, 600 ,34.366,2.9," 59,796.84 "
PRIMARK ENTERPRISES - BAHADUR PALLY,GIR, 300 ,34.366,2.9," 29,898.42 "
SATYA SREE DEVELOPERS LLP - MIYAPUR,GIR, 50 ,57.284,2.9," 8,306.18 "
BEAMS AND COLUMNS BUILDERS PRIVATE LIMITED,GIR, 50 ,41.32,2.9," 5,991.40 "
BEAMS AND COLUMNS BUILDERS PRIVATE LIMITED,GIR II, 100 ,41.598,2.9," 12,063.42 "
SHREE VINAYAKA INFRA - EXWORKS,KSR4, 500 ,0,0, -   
VASHISTA CONSTRUCTIONS - BODUPPAL,KSR4, 30 ,57.032,2.5," 4,277.40 "
GAUTAMI EDUCATIONAL SOCIETY - MIYAPUR,GIR, 50 ,63.948,2.9," 9,272.46 "
GAUTAMI EDUCATIONAL SOCIETY - MIYAPUR,GIR II, 50 ,64.226,2.9," 9,312.77 "
JORALA JANGAIAH-HAYATHNAGAR,RSDSH, 60 ,38.216,100," 6,000.00 "
SAI MANASWI INFRA - JVJ HILLS,GIR, 50 ,72.118,2.9," 10,457.11 "
ANUHAR HOMES PVT LTD - (RR TOWERS)  ALKAPURI,LKDRM2, 100 ,81.756,2.5," 20,439.00 "
ANUHAR HOMES PVT LTD - (RR TOWERS)  ALKAPURI,LKDRM2, 50 ,81.756,2.5," 10,219.50 "
ANUHAR HOMES PVT LTD - (RR TOWERS)  ALKAPURI,LKDRM2, 50 ,81.756,2.5," 10,219.50 "
GEM VIVENDAS PRIVATE LIMITED - KOKAPET,GIR, 200 ,90.552,2.9," 52,520.16 "
SUNSHINE PROJECTS - NANAKARAMGUDA,GIR, 100 ,86.048,2.9," 24,953.92 "
SUNSHINE PROJECTS - NANAKARAMGUDA,LKDRM2, 100 ,73.908,2.5," 18,477.00 "
KAMMARI RAMA KRISHNA CHARY - PATANCHURU,SLKPY, 35 ,26.64,100," 3,500.00 "
VISION INFRA DEVELOPERS - PHASE II KOMPALLY,GIR II, 200 ,35.508,2.9," 20,594.64 "
DREAM TEAM REALTY - UPPAL,RSDSH, 60 ,54.52,2.5," 8,178.00 "
T VENUGOPAL - BEERAMGUDA,SLKPY, 35 ,28.02,100," 3,500.00 "
HARILEKHA CONSTRUCTIONS - MOULALI,RSDSH, 60 ,70.26,2.5," 10,539.00 "
V MADHAVA RAO - GOURELLI,RSDSH, 30 ,23.004,100," 3,000.00 "
CYMA LIFE SCIENCES PVT LTD - PASHAMYLARAM,LKDRM2, 30 ,32.766,100," 3,000.00 "
VINAYAKA DEVELOPERS - BEERAMGUDA,SLKPY, 30 ,30.76,100," 3,000.00 "
VINAYAKA DEVELOPERS - BEERAMGUDA,SLKPY, 30 ,30.76,100," 3,000.00 "
MUPPA PROJECTS INDIA PRIVATE LIMITED - MUPPAS MELODY OSMAN NAGAR,GIR, 25 ,96.38,2.9," 6,987.55 "
MUPPA PROJECTS INDIA PRIVATE LIMITED - MUPPAS MELODY OSMAN NAGAR,LKDRM2, 200 ,55.692,2.5," 27,846.00 "
APARNA CONSTRUCTIONS AND ESTATES PRIVATE LIMITED - GUNDLAPOCHAMPALLY,GIR II, 500 ,26.338,2.9," 38,190.10 "
MAKUTA DEVELOPERS AND INFRASTRUCTURES PRIVATE LIMITED - GOWDAVELLI,GIR, 150 ,17.78,2.9," 7,734.30 "
MAKUTA DEVELOPERS AND INFRASTRUCTURES PRIVATE LIMITED - GOWDAVELLI,GIR II, 100 ,18.056,2.9," 5,236.24 "
IRA BLOSSOM FIELDS - KOLLURU,LKDRM2, 200 ,52.458,2.5," 26,229.00 "
SIDDHI CONSTRUCTIONS - KAPRA,KSR4, 100 ,46,2.5," 11,500.00 "
RAJASHEKHAR REDDY - HASTHINAPURAM,RSDSH, 60 ,56.47,2.5," 8,470.50 "
SHAHJAHAN SHAHZADI KHAN - BANJARAHILLS,GIR, 30 ,85.12,2.9," 7,405.44 "
VAJRA BUILDERS AND DEVELOPERS - BOWRAMPET,GIR, 100 ,30.268,2.9," 8,777.72 "
VAJRA BUILDERS AND DEVELOPERS - BOWRAMPET,GIR, 100 ,30.268,2.9," 8,777.72 "
VAJRA BUILDERS AND DEVELOPERS - BOWRAMPET,GIR, 100 ,30.268,2.9," 8,777.72 "
SAI KRISHNA CONSTRUCTIONS - KOMPALLY,GIR, 100 ,42.226,2.9," 12,245.54 "
NIDHI PROPERTIES - YAPRAL,KSR4, 60 ,30,2.5," 4,500.00 "
GAYATHRI CONSTRUCTIONS - YAPRAL,KSR4, 60 ,30,2.5," 4,500.00 "
GAYATHRI CONSTRUCTIONS - YAPRAL,KSR4, 30 ,66.84,2.5," 5,013.00 "
LANSUM PROPERTIES LLP - NARSINGI,SLKPY," 2,000 ",78.89,2.5," 394,450.00 "
LANSUM PROPERTIES LLP - NARSINGI,LKDRM2," 3,000 ",82.352,2.5," 617,640.00 "
LANSUM PROPERTIES LLP - NARSINGI,LKDRM2," 1,500 ",82.352,2.5," 308,820.00 "
LANSUM PROPERTIES LLP - NARSINGI,LKDRM2," 1,000 ",82.352,2.5," 205,880.00 "
VASAVI PDL VENTURES PRIVATE LIMITED - KPHB,GIR, 200 ,72.126,2.9," 41,833.08 "
SHAPOORJI PALLONJI AND COMPANY PRIVATE LIMITED - KANDI,GIR, 400 ,107.882,2.9," 125,143.12 "
ANUHAR HOMES PVT LTD - (ANUHAR TOWER) - ALKAPURI,SLKPY, 50 ,77.7,2.5," 9,712.50 "
ANUHAR HOMES PVT LTD - (ANUHAR TOWER) - ALKAPURI,LKDRM2, 50 ,81.428,2.5," 10,178.50 "
ANUHAR HOMES PVT LTD - (ANUHAR TOWER) - ALKAPURI,LKDRM2, 50 ,83.36,2.5," 10,420.00 "
FORTUNE GREEN HOMES -  TELLAPUR,LKDRM2, 800 ,59.058,2.5," 118,116.00 "
FORTUNE GREEN HOMES -  TELLAPUR,LKDRM2, 50 ,59.058,2.5," 7,382.25 "
FORTUNE GREEN HOMES -  TELLAPUR,LKDRM2, 50 ,59.058,2.5," 7,382.25 "
SRINIVASA CONSTRUCTIONS - GANDIPET,LKDRM2, 30 ,71.478,2.5," 5,360.85 "
SRINIVASA CONSTRUCTIONS - GANDIPET,SLKPY, 30 ,76.24,2.5," 5,718.00 "
GOTHIC LIVING SPACES - BACHUPALLI,GIR, 600 ,48.416,2.9," 84,243.84 "
APURUPA DECO LLP - KOMPALLY,GIR, 26 ,28.1,2.9," 2,118.74 "
STANCH PROJECTS PRIVATE LIMITED - NARSING,GIR, 50 ,92.126,2.9," 13,358.27 "
STANCH PROJECTS PRIVATE LIMITED -  NARSING,GIR, 75 ,92.126,2.9," 20,037.41 "
STANCH PROJECTS PRIVATE LIMITED -  NARSING,GIR, 50 ,92.126,2.9," 13,358.27 "
FORTUNE HOMES BUILDERS AND DEVELOPERS - JEEDIMETLA,GIR II, 25 ,42.604,2.9," 3,088.79 "
SITA SHELTERS PRIVATE LIMITED - KUNDANBAGH,GIR, 60 ,64.64,2.9," 11,247.36 "
SITA SHELTERS PRIVATE LIMITED - KUNDANBAGH,GIR, 30 ,64.64,2.9," 5,623.68 "
MENGA SATYANARAYANA -HAYATHNAGAR,RSDSH, 60 ,38.37,100," 6,000.00 "
SWETHANK BUILDERS - ALWAL,GIR, 150 ,39.41,2.9," 17,143.35 "
SWETHANK BUILDERS - ALWAL,GIR, 150 ,39.41,2.9," 17,143.35 "
DR.PADMASREE DREAM PROJECTS PRIVATE LIMITED - YAPRAL,KSR4, 90 ,66,2.5," 14,850.00 "
DR.PADMASREE DREAM PROJECTS PRIVATE LIMITED - YAPRAL,KSR4, 30 ,81.746,2.5," 6,130.95 "
GREENMARK PROPERTIES - KONDAKAL,LKDRM2, 300 ,45.796,2.5," 34,347.00 "
GREENMARK PROPERTIES - KONDAKAL,LKDRM2, 300 ,45.796,2.5," 34,347.00 "
GREENMARK PROPERTIES - KONDAKAL,LKDRM2, 300 ,45.796,2.5," 34,347.00 "
D B S CO - CHILKUR,LKDRM2, 60 ,108.354,2.5," 16,253.10 "
KUNCHALA HANUMANTHA RAO - BN REDDY NAGAR,RSDSH, 60 ,60.326,2.5," 9,048.90 "
PAVAN INFRAS - HMT SWARNAPURI MIYAPUR,GIR, 50 ,66.056,2.9," 9,578.12 "
TRUSTED WALLS INFRA PROJECTS - INJAPUR,RSDSH, 100 ,50.966,2.5," 12,741.50 "
QUALITAS GOLDEN ENCLAVE PRIVATE LIMITED - OSMANNAGAR,GIR II, 300 ,95.078,2.9," 82,717.86 "
QUALITAS GOLDEN ENCLAVE PRIVATE LIMITED - OSMANNAGAR,SLKPY, 100 ,50.65,2.5," 12,662.50 "
NANI ELECTRO TECHNICS PVT LTD - BORABANDA,GIR, 25 ,66.06,2.9," 4,789.35 "
SVS CONSTRUCTIONS - PETBASHEERABAD,GIR, 60 ,36.644,2.9," 6,376.06 "
KSP AVENUES -  KOMPALLY,GIR II, 150 ,33.876,2.9," 14,736.06 "
LAKSHMI INFRA PROJECTS LLP - MADINAGUDA,GIR, 35 ,57.756,2.9," 5,862.23 "
LAKSHMI INFRA PROJECTS LLP - MADINAGUDA,GIR, 35 ,57.756,2.9," 5,862.23 "
LAKSHMI INFRA PROJECTS LLP - MADINAGUDA,GIR, 35 ,57.756,2.9," 5,862.23 "
GAYATHRI CONSTRUCTIONS - NALLAGANDLA,LKDRM2, 30 ,56.434,2.5," 4,232.55 "
NEW LIFE CONSTRUCTIONS - PEDDAMBERPET,RSDSH, 500 ,37.696,100," 50,000.00 "
HEAVENLY HOMES CONSTRUCTIONS - ALKAPURI TOWNSHIP,LKDRM2, 50 ,83.59,2.5," 10,448.75 "
HEAVENLY HOMES CONSTRUCTIONS - ALKAPURI TOWNSHIP,LKDRM2, 50 ,83.59,2.5," 10,448.75 "
VENNAR CONSTRUCTIONS - JUBLEE HILLS RD NO.45,LKDRM2, 25 ,76.134,2.5," 4,758.38 "
VENNAR CONSTRUCTIONS - JUBLEE HILLS RD NO.45,GIR, 50 ,82.422,2.9," 11,951.19 "
VENNAR CONSTRUCTIONS - JUBLEE HILLS RD NO.45,GIR, 50 ,82.422,2.9," 11,951.19 "
K SHYAM SUNDER REDDY - KOKAPET,LKDRM2, 50 ,75.26,2.5," 9,407.50 "
AVISUN PROPERTIES LLP - SAINIKPURI,KSR4, 30 ,32,2.5," 2,400.00 "
AVISUN PROPERTIES LLP - SAINIKPURI,KSR4, 30 ,32,2.5," 2,400.00 "
ANMOL CONSTRUCTIONS - RAMESHWARAM BANDA,LKDRM2, 100 ,35.772,100," 10,000.00 "
LEIGHTON INDIA CONTRACTORS PRIVATE LIMITED - GACHIBOWLI,GIR, 360 ,81.16,2.9," 84,731.04 "
LEIGHTON INDIA CONTRACTORS PRIVATE LIMITED - GACHIBOWLI,GIR, 100 ,81.16,2.9," 23,536.40 "
LEIGHTON INDIA CONTRACTORS PRIVATE LIMITED - GACHIBOWLI,GIR, 50 ,81.16,2.9," 11,768.20 "
ANITHA GOURI MULA - JANWADA,LKDRM2, 25 ,57.246,2.5," 3,577.88 "
SRI HARITHA CONSTRUCTIONS AND DEVELOPERS - UPPAL,RSDSH, 60 ,54.512,2.5," 8,176.80 "
NJR CONSTRUCTIONS PRIVATE LIMITED - BACHUPALLY,GIR, 500 ,42.358,2.9," 61,419.10 "
NJR CONSTRUCTIONS PRIVATE LIMITED - BACHUPALLY,GIR, 500 ,42.358,2.9," 61,419.10 "
NJR CONSTRUCTIONS PRIVATE LIMITED - BACHUPALLY,GIR II, 500 ,42.636,2.9," 61,822.20 "
KARTHIKEYA INFRA - NAGOLE,RSDSH, 100 ,47.082,2.5," 11,770.50 "
JANASHRI INFRASTRUCTURES AND DEVELOPERS - POCHARAM,RSDSH, 60 ,43.38,2.5," 6,507.00 "
OM SREE BUILDERS & DEVELOPERS LLP - KOMPALLY,GIR," 2,100 ",25.442,2.9," 154,941.78 "
OM SREE BUILDERS & DEVELOPERS LLP - KOMPALLY,GIR," 2,100 ",25.442,2.9," 154,941.78 "
OM SREE BUILDERS & DEVELOPERS LLP - KOMPALLY,GIR II," 2,100 ",25.718,2.9," 156,622.62 "
ALPINE INFRATECH  - MACHABOLLARAM,GIR, 50 ,38.246,2.9," 5,545.67 "
ALPINE INFRATECH  - MACHABOLLARAM,GIR II, 100 ,38.522,2.9," 11,171.38 "
VELAGAPUDI PRASAD -BADANGPET,RSDSH, 30 ,74.918,2.5," 5,618.85 "
SRINIVASA CONSTRUCTIONS - KOMPALLY,GIR, 350 ,29.96,2.9," 30,409.40 "
SRINIVASA CONSTRUCTIONS - KOMPALLY,GIR, 200 ,29.96,2.9," 17,376.80 "
ACE INFRA AND DEVELOPERS - HAFEEZPET,LKDRM2, 50 ,63.056,2.5," 7,882.00 "
NAMOSHREE INFRA - HYDERGUDA,RSDSH, 120 ,77.498,2.5," 23,249.40 "
L & W BUILDING SOLUTIONS PVT LTD - RAIDURG VILLAGE,RSDSH, 800 ,110.406,2.5," 220,812.00 "
L & W BUILDING SOLUTIONS PVT LTD - RAIDURG VILLAGE,LKDRM2, 500 ,72.262,2.5," 90,327.50 "
L & W BUILDING SOLUTIONS PVT LTD - RAIDURG VILLAGE,SLKPY, 800 ,64.18,2.5," 128,360.00 "
UNIVERSAL REALTORS PRIVATE LIMITED - GACHIBOWLI,SLKPY, 250 ,56.78,2.5," 35,487.50 "
UNIVERSAL REALTORS PRIVATE LIMITED - GACHIBOWLI,SLKPY, 40 ,56.78,2.5," 5,678.00 "
GAJJALA JANARDHAN REDDY - THATTIANNARAM,RSDSH, 100 ,40.312,100," 10,000.00 "
SAIARC INFRA - PRAGATHI NAGAR,GIR, 100 ,44.418,2.9," 12,881.22 "
SAIARC INFRA - PRAGATHI NAGAR,GIR II, 135 ,44.694,2.9," 17,497.70 "
SREE LAXMI BALAJI CONSTRUCTIONS - KOMPALLY,GIR II, 50 ,33.376,2.9," 4,839.52 "
SHREE VASAVI DEVELOPERS - ATTAPUR,RSDSH, 100 ,98.412,2.5," 24,603.00 "
GT INFRA PROJECTS PRIVATE LIMITED - MADHAPURAM,KSR4, 60 ,30,2.5," 4,500.00 "
GT INFRA PROJECTS PRIVATE LIMITED - MADHAPURAM,KSR4, 60 ,39,2.5," 5,850.00 "
NAMMI SURESH  - MIYAPUR,GIR, 25 ,58.938,2.9," 4,273.01 "
NAMMI SURESH  - MIYAPUR,GIR, 25 ,58.938,2.9," 4,273.01 "
S V CONSTRUCTIONS - GAJULARAMARAM,GIR, 100 ,47.774,2.9," 13,854.46 "
S V CONSTRUCTIONS - GAJULARAMARAM,GIR II, 100 ,48.05,2.9," 13,934.50 "
SV BUILDERS AND DEVELOPERS - BAIRAMALGUDA,RSDSH, 60 ,58.136,2.5," 8,720.40 "
YADAVALLI SRINIVASRAO - NAGARAM,RSDSH, 60 ,34.87,100," 6,000.00 "
SVC CONSTRUCTIONS LLP - JEEDIMETLA,GIR, 100 ,42.26,2.9," 12,255.40 "
PRIMARK ENTERPRISES - GUNDLAPOCHAMPALLY,GIR, 50 ,25.86,2.9," 3,749.70 "
PRIMARK ENTERPRISES - GUNDLAPOCHAMPALLY,GIR, 200 ,25.86,2.9," 14,998.80 "
SVS INFRACON PRIVATE LIMITED - CHANDANAGAR,SLKPY, 100 ,40.02,100," 10,000.00 "
SVS INFRACON PRIVATE LIMITED - CHANDANAGAR,SLKPY, 70 ,40.02,100," 7,000.00 "
SVS INFRACON PRIVATE LIMITED - CHANDANAGAR,LKDRM2, 200 ,54.696,2.5," 27,348.00 "
SVS INFRACON PRIVATE LIMITED - CHANDANAGAR,GIR II, 500 ,69.12,2.9," 100,224.00 "
HARIKA ENTERPRISES - HAYATHNAGAR,RSDSH, 60 ,44.158,2.5," 6,623.70 "
ADITI AVENUES  - (ANNAPURNA RESIDENCY)  KONDAPUR,GIR, 25 ,68.746,2.9," 4,984.09 "
SRIGDHA INFRA DEVELOPERS - VENKATAPURAM,RSDSH, 60 ,38.274,100," 6,000.00 "
SRIGDHA INFRA DEVELOPERS - VENKATAPURAM,RSDSH, 700 ,38.274,100," 70,000.00 "
GREATER INFRA PROJECTS PRIVATE LIMITED - BACHUPALLY,GIR, 30 ,41.458,2.9," 3,606.85 "
GREATER INFRA PROJECTS PRIVATE LIMITED - BACHUPALLY,SLKPY, 150 ,40.46,100," 15,000.00 "
GREATER INFRA PROJECTS PRIVATE LIMITED - BACHUPALLY,GIR, 300 ,41.458,2.9," 36,068.46 "
GREATER INFRA PROJECTS PRIVATE LIMITED - BACHUPALLY,GIR, 200 ,41.458,2.9," 24,045.64 "
DEE VEE PROJECTS LIMITED - BEGUMPET,RSDSH, 70 ,89.044,2.5," 15,582.70 "
NIKHILSAI KRISHNA INFRA LLP - AMEENPUR,GIR, 100 ,62.998,2.9," 18,269.42 "
NIKHILSAI KRISHNA INFRA LLP - AMEENPUR,SLKPY, 100 ,32.98,100," 10,000.00 "
NIKHILSAI KRISHNA INFRA LLP - AMEENPUR,SLKPY, 25 ,32.98,100," 2,500.00 "
CHAGANTIPATI LAVANYA - GAJULARAMARAM,GIR, 50 ,54.296,2.9," 7,872.92 "
Narsing Ex-Works,KSR4, 500 ,0,0, -   
ARK INFRA DEVELOPERS PRIVATE LIMITED - ANNOJIGUDA,RSDSH, 200 ,40.38,100," 20,000.00 "
KANDADI SATHYAVATHI - PEERANCHERUVU,LKDRM2, 70 ,84.472,2.5," 14,782.60 "
G S ASSOCIATES - MACHABOLLARAM,GIR, 100 ,37.074,2.9," 10,751.46 "
G S ASSOCIATES - MACHABOLLARAM,GIR II, 100 ,37.35,2.9," 10,831.50 "
AAKANKSHA ORION HOMES - SHANKARPALLY,GIR, 30 ,101.486,2.9," 8,829.28 "
AAKANKSHA ORION HOMES - SHANKARPALLY,LKDRM2, 100 ,60.672,2.5," 15,168.00 "
SRI UMA RATNA CONSTRUCTIONS - TUNIKI BOLLARAM,GIR II, 100 ,58.784,2.9," 17,047.36 "
JAYABHARATHI INFRA PROJECTS PRIVATE LIMITED - KUKATPALLY,GIR, 25 ,59.96,2.9," 4,347.10 "
VASAVI CONSTRUCTIONS - NARAPALLY,RSDSH, 60 ,35.094,100," 6,000.00 "
VASAVI CONSTRUCTIONS - NARAPALLY,RSDSH, 100 ,35.094,100," 10,000.00 "
NCC URBAN INFRASTRUCTURE LIMITED - KAMKOTE VILLAGE,LKDRM2," 1,500 ",101.406,2.5," 380,272.50 "
NCC URBAN INFRASTRUCTURE LIMITED - KAMKOTE VILLAGE,LKDRM2," 1,500 ",101.406,2.5," 380,272.50 "
NCC URBAN INFRASTRUCTURE LIMITED - KAMKOTE VILLAGE,LKDRM2," 1,200 ",101.406,2.5," 304,218.00 "
CITO AUCTUS INFRASTRUCTURE PRIVATE LIMITED - PATHAKOLKUNDA,GIR, 30 ,163.916,2.9," 14,260.69 "
CITO AUCTUS INFRASTRUCTURE PRIVATE LIMITED - PATHAKOLKUNDA,LKDRM2, 90 ,98.186,2.5," 22,091.85 "
RDC CONCRETE INDIA PRIVATE LTD - KOLLUR,SLKPY," 1,000 ",42.67,2.5," 106,675.00 "
RDC CONCRETE INDIA PRIVATE LTD - KOLLUR,LKDRM2," 1,000 ",45.194,2.5," 112,985.00 "
RDC CONCRETE INDIA PRIVATE LTD - KOLLUR,LKDRM2," 1,000 ",45.194,2.5," 112,985.00 "
VERTEX VEGA DEVELOPERS LLP - BOWRAMPET,GIR, 150 ,40.552,2.9," 17,640.12 "
VERTEX VEGA DEVELOPERS LLP - BOWRAMPET,GIR, 100 ,40.552,2.9," 11,760.08 "
VERTEX VEGA DEVELOPERS LLP - BOWRAMPET,GIR, 50 ,40.552,2.9," 5,880.04 "
SGS CONSTRUCTIONS - MANCHIREVULA,LKDRM2, 50 ,81.376,2.5," 10,172.00 "
SHRADHA SABOORI PROJECTS INDIA PVT LTD - VEMUKUNTA VILLAGE,LKDRM2, 200 ,41.986,2.5," 20,993.00 "
VERTEX VEGA DEVELOPERS LLP - NALLAGANDLA,LKDRM2, 200 ,52.048,2.5," 26,024.00 "
VERTEX VEGA DEVELOPERS LLP - NALLAGANDLA,LKDRM2, 200 ,52.048,2.5," 26,024.00 "
VERTEX VEGA DEVELOPERS LLP - NALLAGANDLA,LKDRM2, 100 ,52.048,2.5," 13,012.00 "
TRUE INTEGRAL CONCRETE PRIVATE LIMITED - IDA BOLLARAM,SLKPY, 100 ,36.51,100," 10,000.00 "
TRUE INTEGRAL CONCRETE PRIVATE LIMITED - IDA BOLLARAM,GIR II, 100 ,46.878,2.9," 13,594.62 "
TRUE INTEGRAL CONCRETE PRIVATE LIMITED - IDA BOLLARAM,GIR II, 100 ,46.878,2.9," 13,594.62 "
SRINIVASA INFRA PROJECTS - YAPRAL,KSR4, 60 ,66,2.5," 9,900.00 "
CHEELA LIFE SPACES PRIVATE LIMITED - KOMPALLY,GIR II, 150 ,34.014,2.9," 14,796.09 "
CHEELA LIFE SPACES PRIVATE LIMITED - KOMPALLY,GIR II, 100 ,34.014,2.9," 9,864.06 "
KUSHAL SAI BUILDERS AND DEVELOPERS - PEERZADIGUDA,RSDSH, 60 ,48.376,2.5," 7,256.40 "
NAVYA ESTATES - MEERPET,RSDSH, 60 ,66.296,2.5," 9,944.40 "
URBANRISE LIFESTYLES PRIVATE LIMITED - IDA BOLLARAM,GIR," 2,000 ",48.42,2.9," 280,836.00 "
URBANRISE LIFESTYLES PRIVATE LIMITED - IDA BOLLARAM,GIR," 2,000 ",48.42,2.9," 280,836.00 "
URBANRISE LIFESTYLES PRIVATE LIMITED - IDA BOLLARAM,GIR," 2,000 ",48.42,2.9," 280,836.00 "
EXSERVICEMAN LOGESTICS - KOMPALLY,GIR, 100 ,33.218,2.9," 9,633.22 "
EXSERVICEMAN LOGESTICS - KOMPALLY,GIR II, 50 ,33.494,2.9," 4,856.63 "
FORTUNE GREEN HOMES - NIZAMPET,GIR, 50 ,54.56,2.9," 7,911.20 "
FORTUNE GREEN HOMES - NIZAMPET,GIR, 200 ,54.56,2.9," 31,644.80 "
BPR INFRASTRUCTURE PRIVATE LIMITED - PHASE II BDL IBRAHIMPATNAM,RSDSH, 700 ,68.424,2.5," 119,742.00 "
BPR INFRASTRUCTURE PRIVATE LIMITED - PHASE II BDL IBRAHIMPATNAM,RSDSH, 500 ,68.424,2.5," 85,530.00 "
BPR INFRASTRUCTURE PRIVATE LIMITED - PHASE II BDL IBRAHIMPATNAM,RSDSH, 300 ,68.424,2.5," 51,318.00 "
A.J.S. CONSTRUCTIONS - RAMACHANDRAPURAM,SLKPY, 70 ,32.06,100," 7,000.00 "
LA VISTA CONSTRUCTIONS - HMT SWARNAPURI MIYAPUR,GIR, 250 ,56.19,2.9," 40,737.75 "
LA VISTA CONSTRUCTIONS - HMT SWARNAPURI MIYAPUR,GIR, 250 ,56.19,2.9," 40,737.75 "
LA VISTA CONSTRUCTIONS - HMT SWARNAPURI MIYAPUR,GIR, 250 ,56.19,2.9," 40,737.75 "
SRINIVASA TRANSPORTS AND CRAIN SERVICES - MOINABAD,LKDRM2, 50 ,102.93,2.5," 12,866.25 "
SRI MANIKANTA CONSTRUCTIONS - SAINIKPURI,KSR4, 60 ,50,2.5," 7,500.00 "
SREE TULASI BUILDERS - NIZAMPET,GIR, 25 ,53.444,2.9," 3,874.69 "
SREE TULASI BUILDERS - NIZAMPET,GIR, 25 ,53.444,2.9," 3,874.69 "
KAKATIYA INFRA PROJECTS - DIAMOND COUNTY,RSDSH, 60 ,41.736,2.5," 6,260.40 "
SRIJA PROJECTS - NAGOLE,RSDSH, 60 ,49.548,2.5," 7,432.20 "
A V L CONSTRUCTIONS - PUPPALAGUDA,SLKPY, 100 ,84.11,2.5," 21,027.50 "
ADITI AVENUES - BORAMPET,GIR, 150 ,40.432,2.9," 17,587.92 "
SURYAS INFRA -GAGULARAMARAM,GIR, 50 ,53.986,2.9," 7,827.97 "
TULASI CONSTRUCTIONS - SURARAM,GIR, 25 ,36.694,2.9," 2,660.32 "
TULASI CONSTRUCTIONS - SURARAM,GIR, 25 ,36.694,2.9," 2,660.32 "
ZENASIA INFRATECH PRIVATE LIMITED - BEERAMGUDA,GIR II, 50 ,18.21,2.9," 2,640.45 "
ZENASIA INFRATECH PRIVATE LIMITED - BEERAMGUDA,GIR, 50 ,60.108,2.9," 8,715.66 "
STANCH PROJECTS PRIVATE LIMITED - NAMPALLY,RSDSH, 60 ,72.844,2.5," 10,926.60 "
STANCH PROJECTS PRIVATE LIMITED -  NAMPALLY,RSDSH, 60 ,72.844,2.5," 10,926.60 "
STANCH PROJECTS PRIVATE LIMITED -  NAMPALLY,RSDSH, 90 ,72.844,2.5," 16,389.90 "
RAMKY INFRASTRUCTURE LIMITED - PATANCHERUVU,SLKPY," 1,400 ",23.85,100," 140,000.00 "
RAMKY INFRASTRUCTURE LIMITED - PATANCHERUVU,LKDRM2," 1,400 ",32.464,100," 140,000.00 "
RAMKY INFRASTRUCTURE LIMITED - PATANCHERUVU,LKDRM2, 650 ,32.464,100," 65,000.00 "
E11 HOMES - GUNDLAPOCHAMPALLY,GIR, 100 ,18.364,2.9," 5,325.56 "
E11 HOMES - GUNDLAPOCHAMPALLY,GIR II, 250 ,18.64,2.9," 13,514.00 "
ECO GREEN BUILDERS - GUNDLAPOCHAMPALLY,GIR II, 200 ,24.444,2.9," 14,177.52 "
RAMKY INFRASTRUCTURE LIMITED - NARSINGI,LKDRM2, 900 ,70.756,2.5," 159,201.00 "
RAMKY INFRASTRUCTURE LIMITED - NARSINGI,LKDRM2," 1,200 ",70.756,2.5," 212,268.00 "
RAMKY INFRASTRUCTURE LIMITED - NARSINGI,LKDRM2, 500 ,70.756,2.5," 88,445.00 "
VILVA INFRA - AUSHAPUR,RSDSH, 330 ,27.62,100," 33,000.00 "
PEYYALA VENKATA NIRANJAN KUMAR - PRAGHATINAGAR,GIR, 25 ,45.564,2.9," 3,303.39 "
SANDHEERA INFRATECH PRIVATE LIMITED - ISNAPUR,GIR II, 300 ,84.068,2.9," 73,139.16 "
SANDHEERA INFRATECH PRIVATE LIMITED - ISNAPUR,LKDRM2, 200 ,17.214,100," 20,000.00 "
ASPIRE SPACES PRIVATE LIMITED - MIYAPUR,GIR, 500 ,54.74,2.9," 79,373.00 "
ASPIRE SPACES PRIVATE LIMITED - MIYAPUR,GIR, 800 ,54.74,2.9," 126,996.80 "
ASPIRE SPACES PRIVATE LIMITED - MIYAPUR,GIR II," 1,450 ",55.016,2.9," 231,342.28 "
ASPIRE SPACES PRIVATE LIMITED - MIYAPUR,GIR II, 800 ,55.016,2.9," 127,637.12 "
BRICKS INFRATECH LLP - OSMAN NAGAR,SLKPY, 80 ,49.37,2.5," 9,874.00 "
BRICKS INFRATECH LLP - OSMAN NAGAR,SLKPY, 40 ,49.37,2.5," 4,937.00 "
G R INFRACON PRIVATE LIMITED - BACHUPALLY,GIR," 1,500 ",42.494,2.9," 184,848.90 "
G R INFRACON PRIVATE LIMITED - BACHUPALLY,GIR, 750 ,42.494,2.9," 92,424.45 "
G R INFRACON PRIVATE LIMITED - BACHUPALLY,GIR II, 750 ,42.77,2.9," 93,024.75 "
LEIGHTON INDIA CONTRACTORS PRIVATE LIMITED - 285FD (NARSINGI),GIR, 100 ,91.466,2.9," 26,525.14 "
MAHIDHARA PROJECTS PRIVATE LIMITED - ISNAPUR,LKDRM2, 40 ,27.034,100," 4,000.00 "
MAHIDHARA PROJECTS PRIVATE LIMITED - ISNAPUR,LKDRM2, 40 ,27.034,100," 4,000.00 "
SURESAN CONSTRUCTIONS PRIVATE LIMITED - GAJULARAMARAM,GIR, 50 ,55.806,2.9," 8,091.87 "
SPECTRA CONSTRUCTIONS AND INFRASTRUCTURE PRIVATE LIMITED - ATTAPUR,GIR, 300 ,102.038,2.9," 88,773.06 "
MAKUTA DEVELOPERS AND INFRASTRUCTURES PRIVATE LIMITED - ALWAL,GIR, 100 ,39.4,2.9," 11,426.00 "
MAKUTA DEVELOPERS AND INFRASTRUCTURES PRIVATE LIMITED - ALWAL,GIR II, 25 ,39.676,2.9," 2,876.51 "
K S R CONSTRUCTIONS - BOWENPALLY,GIR, 100 ,47.748,2.9," 13,846.92 "
AR HOMES KOLLUR,LKDRM2," 1,000 ",52.06,2.5," 130,150.00 "
AR HOMES KOLLUR,LKDRM2," 1,000 ",52.06,2.5," 130,150.00 "
AR HOMES KOLLUR,LKDRM2," 1,000 ",52.06,2.5," 130,150.00 "
SRI MAHAVISHNU INFRA LLP - KONDAPUR,GIR, 50 ,68.626,2.9," 9,950.77 "
KALYAN INFRA PROJECTS - MANCHIREVULA,GIR, 50 ,93.716,2.9," 13,588.82 "
VITTORUS INFRACON PRIVATE LIMITED - VANASTHALIPURAM,RSDSH, 30 ,57.838,2.5," 4,337.85 "
S R CONSTRUCTIONS - PATANCHERU,LKDRM2, 30 ,34.37,100," 3,000.00 "
RAVIKIRAN GURUJALA - MIYAPUR,GIR II, 25 ,57.07,2.9," 4,137.58 "
SIGNATURE AVENUES LLP - KOLLUR,GIR, 50 ,93.72,2.9," 13,589.40 "
SIGNATURE AVENUES LLP - KOLLUR,SLKPY, 25 ,49.62,2.5," 3,101.25 "
SIGNATURE AVENUES LLP - KOLLUR,SLKPY, 240 ,49.62,2.5," 29,772.00 "
A R ANMOL DEVELOPERS - PATANCHERUVU,LKDRM2, 60 ,30.98,100," 6,000.00 "
A R ANMOL DEVELOPERS - PATANCHERUVU,LKDRM2, 30 ,30.98,100," 3,000.00 "
KUNDUR CONSTRUCTIONS PRIVATE LIMITED - PASHAMYLARAM,GIR, 50 ,83.296,2.9," 12,077.92 "
KUNDUR CONSTRUCTIONS PRIVATE LIMITED - PASHAMYLARAM,LKDRM2, 200 ,30.314,100," 20,000.00 "
VERTEX VEGA DEVELOPERS LLP - GOPANNAPALLI,LKDRM2, 25 ,56.392,2.5," 3,524.50 "
KNR RMC,KSR4," 1,100 ",0,0, -   
SHIVA KRISHNA CONSTRUCTIONS - MEDIPALLY,RSDSH, 60 ,41.58,2.5," 6,237.00 "
SHIVA KRISHNA CONSTRUCTIONS - MEDIPALLY,RSDSH, 120 ,41.58,2.5," 12,474.00 "
SHIVA KRISHNA CONSTRUCTIONS - MEDIPALLY,RSDSH, 30 ,41.58,2.5," 3,118.50 "
SORA BUILDERS & DEVELOPERS - NALLAGANDLA,LKDRM2, 25 ,51.022,2.5," 3,188.88 "
ACE INFRA AND DEVELOPERS - WEST MARREDPALLY,RSDSH, 60 ,72.674,2.5," 10,901.10 "
RITVIK CONSTRUCTIONS & DEVELOPERS - SANGAREDDY,LKDRM2, 200 ,45.466,2.5," 22,733.00 "
RITVIK CONSTRUCTIONS & DEVELOPERS - SANGAREDDY,LKDRM2, 120 ,45.466,2.5," 13,639.80 "
APARNA ENTERPRISES LIMITED - KOMPALLY,GIR, 500 ,32.922,2.9," 47,736.90 "
APARNA ENTERPRISES LIMITED - KOMPALLY,GIR II, 500 ,33.198,2.9," 48,137.10 "
APARNA ENTERPRISES LIMITED - KOMPALLY,GIR II, 500 ,33.198,2.9," 48,137.10 "
APARNA ENTERPRISES LIMITED - PETBASHEERABAD,GIR, 400 ,35.7,2.9," 41,412.00 "
APARNA ENTERPRISES LIMITED - PETBASHEERABAD,GIR II, 600 ,35.976,2.9," 62,598.24 "
APARNA ENTERPRISES LIMITED - PETBASHEERABAD,GIR II, 600 ,35.976,2.9," 62,598.24 "
APARNA ENTERPRISES LIMITED - GUNDLAPOCHAMPALLY,GIR II, 300 ,25.556,2.9," 22,233.72 "
APARNA ENTERPRISES LIMITED - GUNDLAPOCHAMPALLY,GIR II, 300 ,25.556,2.9," 22,233.72 "
APARNA ENTERPRISES LIMITED - GUNDLAPOCHAMPALLY,GIR, 300 ,26.41,2.9," 22,976.70 "
ASRITHAS GROUP - RAMESWARAMBANDA,GIR, 100 ,57.074,2.9," 16,551.46 "
ESHANYA CONSTRUCTIONS - BACHUPALLY,GIR, 100 ,51.94,2.9," 15,062.60 "
SRI BALAJI HOMES - DULAPALLY,GIR, 100 ,32.952,2.9," 9,556.08 "
LAXMAN BANOTH - KOMPALLY,GIR II, 50 ,28.428,2.9," 4,122.06 "
SLN BUILDCON INDIA PRIVATE LIMITED - ANKURA MOKILA,LKDRM2, 700 ,57.988,2.5," 101,479.00 "
SLN BUILDCON INDIA PRIVATE LIMITED - ANKURA MOKILA,LKDRM2, 500 ,57.988,2.5," 72,485.00 "
SLN BUILDCON INDIA PRIVATE LIMITED - ANKURA MOKILA,LKDRM2, 300 ,57.988,2.5," 43,491.00 "
ARIGALA LAKSHMIJA - GAYATRI NAGAR,LKDRM2, 30 ,69.032,2.5," 5,177.40 "
AHK INFRA - PUPPALGUDA TOWER 1,LKDRM2, 35 ,71.714,2.5," 6,274.97 "
SPECTRA CONSTRUCTIONS AND INFRASTRUCTURE PRIVATE LIMITED - KONDAPUR,GIR, 300 ,79.908,2.9," 69,519.96 "
SRI SARTHAK INFRA DEVELOPERS - B N REDDY NAGAR,RSDSH, 60 ,60.038,2.5," 9,005.70 "
URBANRISE LIFESTYLES PRIVATE LIMITED - VATTINAGULAPALLY,LKDRM2, 25 ,72.38,2.5," 4,523.75 "
AKIL CONSTRUCTIONS - JUBILEE HILLS,GIR, 25 ,80.492,2.9," 5,835.67 "
AKIL CONSTRUCTIONS - JUBILEE HILLS,GIR, 25 ,80.492,2.9," 5,835.67 "
G R INFRACON PRIVATE LIMITED - AMEENPUR,GIR, 50 ,66.63,2.9," 9,661.35 "
CADOL DEVELOPERS LLP - PETBASHEERABAD,GIR, 50 ,36.116,2.9," 5,236.82 "
RIZE DEVELOPERS - BACHUPALLY,GIR, 25 ,50.24,2.9," 3,642.40 "
RIZE DEVELOPERS - BACHUPALLY,GIR II, 25 ,50.516,2.9," 3,662.41 "
MSM VENKATASAI BUILDERS PRIVATE LIMITED - SURARAM COLONY,GIR II, 50 ,36.364,2.9," 5,272.78 "
MSM VENKATASAI BUILDERS PRIVATE LIMITED - SURARAM COLONY,GIR, 100 ,36.088,2.9," 10,465.52 "
SVS PROJECTS INDIA PRIVATE LIMITED -UPPAL,KSR4, 300 ,62,2.5," 46,500.00 "
SVS PROJECTS INDIA PRIVATE LIMITED -UPPAL,KSR4, 200 ,62,2.5," 31,000.00 "
SVS PROJECTS INDIA PRIVATE LIMITED -UPPAL,RSDSH, 120 ,62,2.5," 18,600.00 "
H S SRINIVAS GANDHI MOLLETY - MIYAPUR,GIR, 25 ,56.252,2.9," 4,078.27 "
H S SRINIVAS GANDHI MOLLETY - MIYAPUR,GIR, 25 ,56.252,2.9," 4,078.27 "
ALPINE CONSTRUCTIONS - SHANKARPALLY,SLKPY, 40 ,51.25,2.5," 5,125.00 "
CADOL DEVELOPERS LLP - PUDUR,GIR II, 150 ,42.166,2.9," 18,342.21 "
CADOL DEVELOPERS LLP - PUDUR,GIR II, 150 ,42.166,2.9," 18,342.21 "
ELITE INFRA - PEERAMCHERU,LKDRM2, 100 ,85.186,2.5," 21,296.50 "
S K ASSOCIATES - SHAMSHABAD,SLKPY, 50 ,123.09,2.5," 15,386.25 "
S K ASSOCIATES - SHAMSHABAD,RSDSH, 50 ,103.908,2.5," 12,988.50 "
MOGHAL CONSTRUCTIONS -GOLDEN HEIGHTS,RSDSH, 50 ,96.772,2.5," 12,096.50 "
AVISA PROJECTS - KOMPALLY,GIR, 25 ,38.954,2.9," 2,824.17 "
AVISA PROJECTS - KOMPALLY,GIR II, 25 ,39.23,2.9," 2,844.17 "
SRI VINAYAK FORTUNE BUILDERS -SANATHNAGAR,GIR, 50 ,67.966,2.9," 9,855.07 "
SRI VINAYAK FORTUNE BUILDERS -SANATHNAGAR,GIR II, 25 ,68.242,2.9," 4,947.55 "
SHASHIKIRAN BUILDERS & DEVELOPERS - KOMPALLY,GIR, 50 ,34.34,2.9," 4,979.30 "
SHASHIKIRAN BUILDERS & DEVELOPERS - KOMPALLY,GIR II, 100 ,34.616,2.9," 10,038.64 "
INDUS INSUL PRIVATE LIMITED - PRAGATHI NAGAR,GIR II, 25 ,45.384,2.9," 3,290.34 "
ABODE VENTURES LLP -CHERIYAL,KSR4, 140 ,32,2.5," 11,200.00 "
ABODE VENTURES LLP -CHERIYAL,RSDSH, 200 ,55.446,2.5," 27,723.00 "
VENNAR CONSTRUCTIONS - JUBLEE HILLS RD NO.25,GIR, 25 ,84.38,2.9," 6,117.55 "
KAKATIYA CONSTRUCTIONS & INFRA - GOPANPALLY,SLKPY, 35 ,44.5,2.5," 3,893.75 "
SHANKU CHAKRA PROJECTS - HAYATHNAGAR,RSDSH, 60 ,47.514,2.5," 7,127.10 "
SREE CONSTRUCTIONS - GOPAL NAGAR,GIR, 150 ,67.98,2.9," 29,571.30 "
SREE CONSTRUCTIONS - GOPAL NAGAR,GIR, 150 ,67.98,2.9," 29,571.30 "
PRIMARK ENTERPRISES - AMEENPUR,SLKPY," 1,000 ",38.55,100," 100,000.00 "
PRIMARK ENTERPRISES - AMEENPUR,GIR," 1,400 ",54.904,2.9," 222,910.24 "
PRIMARK ENTERPRISES - AMEENPUR,GIR II," 1,000 ",55.18,2.9," 160,022.00 "
AKMAL INFRA - KOMPALLY,GIR, 100 ,39.722,2.9," 11,519.38 "
AKMAL INFRA - KOMPALLY,GIR, 50 ,39.722,2.9," 5,759.69 "
ENGINEERS ASSOCIATES PRIVATE LIMITED - MALLAPUR.,RSDSH, 175 ,59.826,2.5," 26,173.88 "
SATYAVARDHAN REDDY VALLAM REDDY - BACHUPALLY,GIR, 100 ,46.316,2.9," 13,431.64 "
SATYAVARDHAN REDDY VALLAM REDDY - NIZAMPET,GIR, 25 ,60.524,2.9," 4,387.99 "
APARNA CONSTRUCTIONS AND ESTATES PRIVATE LIMITED - ATHVELI MEDCHAL,GIR, 300 ,38.602,2.9," 33,583.74 "
ANUHAR HOMES PVT LTD - RMC ALKAPURI,SLKPY, 800 ,74.17,2.5," 148,340.00 "
ANUHAR HOMES PVT LTD - RMC ALKAPURI,LKDRM2, 800 ,79.876,2.5," 159,752.00 "
ANUHAR HOMES PVT LTD - RMC ALKAPURI,LKDRM2, 300 ,79.876,2.5," 59,907.00 "
DARA INFRA - BOWRAMPET (PRIME NEST),GIR II, 25 ,46.156,2.9," 3,346.31 "
DCR DEVELOPERS PRIVATE LIMITED - YELLAREDDYGUDA,GIR, 50 ,76.29,2.9," 11,062.05 "
DCR DEVELOPERS PRIVATE LIMITED - YELLAREDDYGUDA,GIR II, 50 ,76.73,2.9," 11,125.85 "
ESHANYA CONSTRUCTIONS - PLOT NO 156&157 AMEENPUR,GIR, 25 ,65.576,2.9," 4,754.26 "
VENKATA GAJANANA DEVELOPERS - KOMPALLY,GIR II, 350 ,34.668,2.9," 35,188.02 "
VENKATA GAJANANA DEVELOPERS - KOMPALLY,GIR II, 50 ,34.668,2.9," 5,026.86 "
PATHAPATI HARSHA VARDHAN REDDY - ADDAGUTTA,GIR, 100 ,62,2.9," 17,980.00 "
NCL BUILDTEK LIMITED -  MUCHARLA VILLAGE,LKDRM2, 120 ,33.026,100," 12,000.00 "
NCL BUILDTEK LIMITED - MUCHARLA VILLAGE,LKDRM2, 90 ,33.026,100," 9,000.00 "
CONFIDENT BUILDERS -CHANDANAGAR,GIR, 150 ,71.95,2.9," 31,298.25 "
CONFIDENT BUILDERS -CHANDANAGAR,GIR II, 50 ,72.226,2.9," 10,472.77 "
AMOGHA CONSTRUCTIONS PRIVATE LIMITED - GOPANAPALLY,GIR, 100 ,83.278,2.9," 24,150.62 "
AMOGHA CONSTRUCTIONS PRIVATE LIMITED - GOPANAPALLY,LKDRM2, 60 ,61.438,2.5," 9,215.70 "
RAHULRAM CONSTRUCTIONS - VANASTALIPURAM,RSDSH, 60 ,49.254,2.5," 7,388.10 "
VENKATA SATYA SURYA VARA PRASADA VARMA KOSURI - PETBASHEERABAD,GIR II, 25 ,35.932,2.9," 2,605.07 "
CHARAN ELECTRICALS AND INFRA PRIVATE LIMITED - BANDLAGUDA JAGIR,RSDSH, 30 ,93.25,2.5," 6,993.75 "
S V R CONSTRUCTIONS - MEDIPALLY,RSDSH, 60 ,46.132,2.5," 6,919.80 "
MKT PRANEETH HOMES - ISNAPUR,LKDRM2, 100 ,23.058,100," 10,000.00 "
MKT PRANEETH HOMES - ISNAPUR,LKDRM2, 50 ,23.058,100," 5,000.00 "
ADITI AVENUES - ISNAPUR,LKDRM2, 50 ,18.14,100," 5,000.00 "
ADITI AVENUES - ISNAPUR,LKDRM2, 35 ,18.14,100," 3,500.00 "
MSG INFRA - AMEENPUR,SLKPY, 30 ,32.21,100," 3,000.00 "
NOBLE CARBONS PRIVATE LIMITED - NANDIGAON VILLAGE,LKDRM2, 30 ,38.226,100," 3,000.00 "
NOBLE CARBONS PRIVATE LIMITED - NANDIGAON VILLAGE,LKDRM2, 30 ,38.226,100," 3,000.00 "
D B S CO - VATTINAGULAPALLY,LKDRM2, 30 ,64.424,2.5," 4,831.80 "
TOTAL GREEN PROJECTS PRIVATE LIMITED - SHAMIRPET,GIR, 50 ,46.77,2.9," 6,781.65 "
U V INFRA - AMEENPUR 1,SLKPY, 30 ,36.45,100," 3,000.00 "
FORTUNE INFRA AND ENGINEERING - AMEENPUR,SLKPY, 30 ,34.48,100," 3,000.00 "
MAANASAA TRADERS - BACHUPALLY,LKDRM2, 100 ,58.9,2.5," 14,725.00 "
HABITAT INFRASTRUCTURES - UPPAL,RSDSH, 30 ,57.668,2.5," 4,325.10 "
KPC BUILDERS PRIVATE LIMITED - MALLAPUR,RSDSH, 120 ,56.954,2.5," 17,086.20 "
NARSIMLU - KONDAPUR,LKDRM2, 30 ,59.898,2.5," 4,492.35 "
SARVEJANA HEALTHCARE PRIVATE LIMITED - BEGUMPET,GIR, 100 ,60.668,2.9," 17,593.72 "
DATRI HOMES - BOWRAMPET,GIR, 100 ,41.53,2.9," 12,043.70 "
DATRI HOMES - BOWRAMPET,GIR, 50 ,41.53,2.9," 6,021.85 "
PRANATHI CONSTRUCTIONS - KONDAPUR,GIR II, 50 ,72.794,2.9," 10,555.13 "
SRIJA PROJECTS - THATTIANNARAM,RSDSH, 100 ,40.364,100," 10,000.00 "
SRIJA PROJECTS - MEDIPALLY,RSDSH, 100 ,52.414,2.5," 13,103.50 "
SR LANDMARK VENTURES LLP - YADIGIRIPALLI,KSR4, 100 ,66,2.5," 16,500.00 "
SR LANDMARK VENTURES LLP - YADIGIRIPALLI,RSDSH, 60 ,95.858,2.5," 14,378.70 "
SWAGATH HOUSING CORPORATION - ISNAPUR,LKDRM2, 60 ,13.57,100," 6,000.00 "
SWAGATH HOUSING CORPORATION - ISNAPUR,SLKPY, 90 ,41.78,2.5," 9,400.50 "
GRR ENTERPRISES - CHERIYAL VILLAGE,LKDRM2, 100 ,44.46,2.5," 11,115.00 "
GRR ENTERPRISES - CHERIYAL VILLAGE,LKDRM2, 100 ,44.46,2.5," 11,115.00 "
GRR ENTERPRISES - CHERIYAL VILLAGE,LKDRM2, 100 ,44.46,2.5," 11,115.00 "
KEERTHI CONSTRUCTIONS - BONGULURU,RSDSH, 200 ,63.776,2.5," 31,888.00 "
SRI DHATRI CONSTRUCTIONS -GAJULARAMARAM,GIR, 50 ,54.85,2.9," 7,953.25 "
SRI DHATRI CONSTRUCTIONS -GAJULARAMARAM,GIR, 25 ,54.85,2.9," 3,976.63 "
SYAMANTAKA PROFILES - BOWRAMPET,GIR," 1,500 ",38.644,2.9," 168,101.40 "
SYAMANTAKA PROFILES - BOWRAMPET,GIR," 1,500 ",38.644,2.9," 168,101.40 "
SYAMANTAKA PROFILES - BOWRAMPET,GIR," 1,500 ",38.644,2.9," 168,101.40 "
SRI VENKATESWARA CONSTRUCTIONS - KANDIGUDA,KSR4, 60 ,66,2.5," 9,900.00 "
K V PRASADA RAO - JNTU,GIR II, 25 ,60.938,2.9," 4,418.01 "
BRICKLITE BLOCKS PRIVATE LIMITED - BOMMALARAMARAM,KSR4, 60 ,30,2.5," 4,500.00 "
BRICKLITE BLOCKS PRIVATE LIMITED - BOMMALARAMARAM,RSDSH, 60 ,66.204,2.5," 9,930.60 "
MANJEERA CONSTRUCTIONS LTD - GOPANPAPALLY,GIR, 100 ,83.044,2.9," 24,082.76 "
SPHOORTHI CONSTRUCTIONS - GAJULARAMARAM,GIR, 50 ,48.372,2.9," 7,013.94 "
VISHNU DEVELOPERS - AMEENPUR PLOT NO 176 & 177,SLKPY, 50 ,35.13,100," 5,000.00 "
V2 INFRA - PUPPALGUDA,SLKPY," 1,500 ",80.31,2.5," 301,162.50 "
V2 INFRA - PUPPALGUDA,SLKPY," 1,500 ",80.31,2.5," 301,162.50 "
V2 INFRA - PUPPALGUDA,SLKPY, 750 ,80.31,2.5," 150,581.25 "
GUMUDAVELLY VENKAT KISHAN PRASAD - RAMPALLY,RSDSH, 30 ,40,100," 3,000.00 "
AS INFRA AND ENGINEERING PRIVATE LIMITED - BOWRAMPET,GIR, 60 ,38.418,2.9," 6,684.73 "
AS INFRA AND ENGINEERING PRIVATE LIMITED - BOWRAMPET,GIR, 30 ,38.418,2.9," 3,342.37 "
SUNSHINE HOUSING - ALKAPURI,GIR, 100 ,94.714,2.9," 27,467.06 "
SUNSHINE HOUSING - ALKAPURI,LKDRM2, 100 ,83.702,2.5," 20,925.50 "
VENKATA PRANITHA CONSTRUCTIONS - MEDCHAL,GIR, 50 ,37.198,2.9," 5,393.71 "
VENKATA PRANITHA CONSTRUCTIONS - MEDCHAL,GIR II, 50 ,37.474,2.9," 5,433.73 "
NAVYA HOMES - BEERAMGUDA,SLKPY, 30 ,34.33,100," 3,000.00 "
NAVYA HOMES - BEERAMGUDA,SLKPY, 30 ,34.33,100," 3,000.00 "
TALASILA INFRA - KANDIGUDA,KSR4, 60 ,66,2.5," 9,900.00 "
URBAN UNNATI INFRA - BAHADURPALLY,GIR, 250 ,36.738,2.9," 26,635.05 "
URBAN UNNATI INFRA - BAHADURPALLY,GIR, 100 ,36.738,2.9," 10,654.02 "
SAMISHTI INFRA DEVELOPERS - DUNDIGAL,GIR II, 200 ,27.536,2.9," 15,970.88 "
SAMISHTI INFRA DEVELOPERS - DUNDIGAL,GIR II, 200 ,27.536,2.9," 15,970.88 "
SHIVARAM FLOORING WORKS SHIVRAMPALLY,RSDSH, 60 ,133.296,2.5," 19,994.40 "
SAI RUKMINI CONSTRUCTIONS - QUTHBULLAPUR ROAD,GIR, 25 ,44.302,2.9," 3,211.90 "
SAI RUKMINI CONSTRUCTIONS - QUTHBULLAPUR ROAD,GIR II, 75 ,44.578,2.9," 9,695.72 "
SAI RUKMINI CONSTRUCTIONS - QUTHBULLAPUR ROAD,GIR II, 50 ,44.578,2.9," 6,463.81 "
VEMULA ANITHA GOURI - CHINTHAPALLI,RSDSH, 100 ,67.558,2.5," 16,889.50 "
VISHNU HOMES - NAGOLE 1,RSDSH, 60 ,52.472,2.5," 7,870.80 "
DARA INFRA - GOPAL NAGAR,SLKPY, 25 ,52.89,2.5," 3,305.63 "
DARA INFRA - GOPAL NAGAR,SLKPY, 25 ,52.89,2.5," 3,305.63 "
GOPU KARTHIK - RAJENDRA NAGAR,RSDSH, 30 ,99.376,2.5," 7,453.20 "
KASUKURTHI JAWAHARLAL NEHRU - SANGA REDDY,LKDRM2, 30 ,70.822,2.5," 5,311.65 "
PACIFICA INDIA PROJECTS PRIVATE LIMITED - BACHUPALLY ROAD,GIR II, 800 ,52.886,2.9," 122,695.52 "
PACIFICA INDIA PROJECTS PRIVATE LIMITED - BACHUPALLY ROAD,GIR II, 300 ,52.886,2.9," 46,010.82 "
PARTHA DEVELOPERS - ANNOJIGUDA,RSDSH, 60 ,33.656,100," 6,000.00 "
KALPATARU POWER TRANSMISSION LTD - AAML SHAMSHABAD,GIR, 100 ,106.724,2.9," 30,949.96 "
PMR HOUSING PVT LTD - KOMPALLY (AGARTA SITE),GIR, 25 ,39.876,2.9," 2,891.01 "
paluru constructions nampally,RSDSH, 30 ,73,2.5," 5,475.00 "
paluru constructions nampally,RSDSH, 60 ,73,2.5," 10,950.00 "
KALPATARU POWER TRANSMISSION LTD - PTRQ KOKAPET,GIR, 300 ,87.79,2.9," 76,377.30 "
KALPATARU POWER TRANSMISSION LTD - PTRQ KOKAPET,SLKPY, 500 ,69.08,2.5," 86,350.00 "
PRANAVA CONSTRUCTIONS - KHANAMET,GIR, 25 ,75.154,2.9," 5,448.67 "
GUDURU SHYAM SUNDER - BHONGIRI,KSR4, 120 ,60,2.5," 18,000.00 "
LOKNATH CONSTRUCTIONS - KAPRA,KSR4, 250 ,56,2.5," 35,000.00 "
LOKNATH CONSTRUCTIONS - KAPRA,KSR4, 100 ,60,2.5," 15,000.00 "
KALPATARU POWER TRANSMISSION LTD - PSKY TECH NANAKRAMGUDA,GIR, 200 ,86.628,2.9," 50,244.24 "
KALPATARU POWER TRANSMISSION LTD - PSKY TECH NANAKRAMGUDA,LKDRM2, 100 ,71.856,2.5," 17,964.00 "
SRI GAYATRI HOUSING PRIVATE LIMITED - SHAIKPET,SLKPY, 100 ,67.99,2.5," 16,997.50 "
KALPATARU POWER TRANSMISSION LTD - PBEL CITY,SLKPY, 200 ,81.58,2.5," 40,790.00 "
DHATHRI CONSTRUCTIONS - SIMHAPURI COLONY,GIR, 50 ,43.04,2.9," 6,240.80 "
DHATHRI CONSTRUCTIONS - SIMHAPURI COLONY,GIR, 50 ,43.04,2.9," 6,240.80 "
KALPATARU POWER TRANSMISSION LTD - KONDAPUR,GIR, 500 ,71.11,2.9," 103,109.50 "
KALPATARU POWER TRANSMISSION LTD - KONDAPUR,SLKPY, 60 ,54.68,2.5," 8,202.00 "
KALPATARU POWER TRANSMISSION LTD - KONDAPUR,SLKPY, 30 ,54.68,2.5," 4,101.00 "
YADALA SATYANARAYANA MEMORIAL EDUCATIONAL SOCIETY - ANKUSHAPUR.,RSDSH, 30 ,21.29,100," 3,000.00 "
YADALA SATYANARAYANA MEMORIAL EDUCATIONAL SOCIETY - ANKUSHAPUR.,RSDSH, 60 ,21.29,100," 6,000.00 "
KALPATARU POWER TRANSMISSION LTD - KDPL KUKATPALLY,GIR, 100 ,64.7,2.9," 18,763.00 "
S R DEVELOPERS - HASTHINAPURAM,RSDSH, 60 ,61.572,2.5," 9,235.80 "
SRI UMA RATNA CONSTRUCTIONS - ALIABAD,GIR II, 200 ,50.82,2.9," 29,475.60 "
SRI UMA RATNA CONSTRUCTIONS - ALIABAD,RSDSH, 400 ,89.172,2.5," 89,172.00 "
KAKATIYA DEVELOPERS - NALLAGANDLA,SLKPY, 100 ,48.61,2.5," 12,152.50 "
HEMADRI RAO GARIKIPATI - MOOSAPET,GIR, 25 ,68.012,2.9," 4,930.87 "
K UDAY MOHAN REDDY - PBEL CITY,LKDRM2, 50 ,89.704,2.5," 11,213.00 "
K UDAY MOHAN REDDY - PBEL CITY,LKDRM2, 50 ,89.704,2.5," 11,213.00 "
KALPATARU POWER TRANSMISSION LTD - MAMIDIPALLE VILLAGE,RSDSH, 200 ,97.7,2.5," 48,850.00 "
KALPATARU POWER TRANSMISSION LTD - MAMIDIPALLE VILLAGE,RSDSH, 100 ,97.7,2.5," 24,425.00 "
SRI KARTHIKEYA CONSTRUCTIONS - BACHUPALLY,SLKPY, 200 ,45.7,2.5," 22,850.00 "
SKANDA INFRA - DUNDIGAL,GIR II, 100 ,25.708,2.9," 7,455.32 "
SKANDA INFRA - DUNDIGAL,GIR II, 100 ,25.708,2.9," 7,455.32 "
KALPATARU POWER TRANSMISSION LTD - BCIT ERRAGADDA,GIR, 200 ,68.28,2.9," 39,602.40 "
KALPATARU POWER TRANSMISSION LTD - BCIT ERRAGADDA,SLKPY, 500 ,67.36,2.5," 84,200.00 "
VENKATA RAO KADALI - BACHUPALLI,SLKPY, 30 ,42.55,2.5," 3,191.25 "
VENKATA RAO KADALI - BACHUPALLI,SLKPY, 30 ,42.55,2.5," 3,191.25 "
CHELLA MASTHAN - BEERAMGUDA,SLKPY, 90 ,28.51,100," 9,000.00 "
CHELLA MASTHAN - BEERAMGUDA,SLKPY, 60 ,28.51,100," 6,000.00 "
KALPATARU POWER TRANSMISSION LTD - PBHL KOKAPET,GIR, 200 ,89.282,2.9," 51,783.56 "
KALPATARU POWER TRANSMISSION LTD - PBHL KOKAPET,LKDRM2, 500 ,73.1,2.5," 91,375.00 "
SRI VIRINCHI INFRA DEVELOPERS PRIVATE LIMITED - TURKAPALLY,GIR II, 150 ,54.378,2.9," 23,654.43 "
HABITAT INFRA STRUCTURES -KUNTLOOR ,RSDSH, 60 ,37.144,100," 6,000.00 "
BNB INFRA LLP - GANGARAM,SLKPY, 80 ,43.13,2.5," 8,626.00 "
BNB INFRA LLP - GANGARAM,SLKPY, 80 ,43.13,2.5," 8,626.00 "
TELLAPUR TECHNOCITY PRIVATE LIMITED - TELLAPUR,GIR II," 3,000 ",74.596,2.9," 648,985.20 "
ASBL CONTRACTS - PUPPALGUDA VILLAGE,LKDRM2, 800 ,73.148,2.5," 146,296.00 "
ASBL CONTRACTS - PUPPALGUDA VILLAGE,LKDRM2, 500 ,73.148,2.5," 91,435.00 "
ASBL CONTRACTS - PUPPALGUDA VILLAGE,LKDRM2, 150 ,73.148,2.5," 27,430.50 "
T JAYASENA REDDY - KOKAPET,LKDRM2, 50 ,78.344,2.5," 9,793.00 "
KALPATARU POWER TRANSMISSION LTD - KOKAPET,SLKPY," 3,000 ",69.18,2.5," 518,850.00 "
KALPATARU POWER TRANSMISSION LTD - KOKAPET,SLKPY," 1,500 ",69.18,2.5," 259,425.00 "
KALPATARU POWER TRANSMISSION LTD - KOKAPET,SLKPY," 1,500 ",69.18,2.5," 259,425.00 "
SRK DEVELOPERS - UPPAL,RSDSH, 120 ,56.316,2.5," 16,894.80 "
MANJU INFRA AVENUES - MADHAVA HILLS,LKDRM2, 60 ,67.706,2.5," 10,155.90 "
MANJU INFRA AVENUES - MADHAVA HILLS,GIR, 60 ,76.764,2.9," 13,356.94 "
ORIGIN HOMES -RAJENDERNAGAR ,RSDSH, 30 ,94.296,2.5," 7,072.20 "
ZAMEER KHAN - ALKAPURI CIRCLE,SLKPY, 50 ,76.5,2.5," 9,562.50 "
JAIPAL DIDIGE - MAHARAJAPET,LKDRM2, 100 ,59.34,2.5," 14,835.00 "
JAYA BALAJI NIRMAN - BOWRAMPET,GIR, 100 ,39.156,2.9," 11,355.24 "
JAYA BALAJI NIRMAN - BOWRAMPET,GIR II, 100 ,39.432,2.9," 11,435.28 "
VENKATA PRANEETH DEVELOPERS PRIVATE LIMITED - GAGILLAPUR,GIR, 50 ,30.808,2.9," 4,467.16 "
VENKATA PRANEETH DEVELOPERS PRIVATE LIMITED - GAGILLAPUR,GIR," 1,600 ",30.808,2.9," 142,949.12 "
VENKATA PRANEETH DEVELOPERS PRIVATE LIMITED - GAGILLAPUR,GIR, 50 ,30.808,2.9," 4,467.16 "
VENKATA PRANEETH DEVELOPERS PRIVATE LIMITED - GAGILLAPUR,GIR, 50 ,30.808,2.9," 4,467.16 "
PUSULURI VENKATA ANIL BABU - AMEENPUR,SLKPY, 25 ,36.36,100," 2,500.00 "
PUSULURI VENKATA ANIL BABU - AMEENPUR,GIR, 25 ,52.426,2.9," 3,800.89 "
MAKUTA DEVELOPERS LLP - KOMPALLY,GIR II, 50 ,34.516,2.9," 5,004.82 "
MANJU INFRA AVENUES - NALLAGANDLA,LKDRM2, 100 ,56.814,2.5," 14,203.50 "
MANJU INFRA AVENUES - NALLAGANDLA,GIR, 100 ,80.448,2.9," 23,329.92 "
TRUSTED WALLS INFRA PRIVATE LIMITED - NAGOLE,RSDSH, 60 ,48.378,2.5," 7,256.70 "
SRI SAI BABA DRILLERS - MIYAPUR,GIR, 25 ,58.37,2.9," 4,231.83 "
SRI SAI BABA DRILLERS - MIYAPUR,GIR, 25 ,58.37,2.9," 4,231.83 "
GOPAL REDDY KAGITALA - TURKAYAMJAL,RSDSH, 30 ,55.482,2.5," 4,161.15 "
JAYA LAKSHMI DALIYA - WEST MAREDPALLY,GIR II, 50 ,60.05,2.9," 8,707.25 "
TANUJA INFRA PRIVATE LIMITED - SANGAREDDY,LKDRM2, 60 ,37.806,100," 6,000.00 "
KSHETRAJNA INFRATECH - RAIDURGAM,SLKPY, 50 ,69.74,2.5," 8,717.50 "
KSHETRAJNA INFRATECH - RAIDURGAM,SLKPY, 50 ,69.74,2.5," 8,717.50 "
VASAVI CONSTRUCTIONS - P&T COLONY,RSDSH, 30 ,48.556,2.5," 3,641.70 "
SRI SAI RAM BUILDERS - MALLAMPET,GIR, 200 ,38.788,2.9," 22,497.04 "
SRI SAI RAM BUILDERS - MALLAMPET,GIR, 200 ,38.788,2.9," 22,497.04 "
TRANQUILLO PROJECTS AND HOLDINGS PRIVATE LIMITED - PATI VILLAGE 1,GIR, 200 ,78.74,2.9," 45,669.20 "
AMBATI NAGAMANI - HAYATHNAGAR,RSDSH, 100 ,44.036,2.5," 11,009.00 "
D B S CO - KALAKAL,GIR II, 25 ,22.272,2.9," 1,614.72 "
KALPATARU POWER TRANSMISSION LTD - MASJID BANDA,GIR, 100 ,71.766,2.9," 20,812.14 "
KALPATARU POWER TRANSMISSION LTD - MASJID BANDA,LKDRM2, 500 ,59.226,2.5," 74,032.50 "
P JAGAN MOHAN REDDY - KONDAPUR,LKDRM2, 60 ,59.934,2.5," 8,990.10 "
P JAGAN MOHAN REDDY - KONDAPUR,LKDRM2, 30 ,59.934,2.5," 4,495.05 "
SRIJA CONSTRUCTIONS - MADINAGUDA,SLKPY, 150 ,44,2.5," 16,500.00 "
SRIJA CONSTRUCTIONS - MADINAGUDA,SLKPY, 30 ,55.19,2.5," 4,139.25 "
SHREE VENKATESHWARA RESORTS AND CONVENTIONS - MANCHIREVULA,GIR, 25 ,107.294,2.9," 7,778.82 "
SHREE VENKATESHWARA RESORTS AND CONVENTIONS - MANCHIREVULA,SLKPY, 140 ,92.12,2.5," 32,242.00 "
SHREE VENKATESHWARA RESORTS AND CONVENTIONS - MANCHIREVULA,LKDRM2, 30 ,94.972,2.5," 7,122.90 "
ASHOK CONSTROWORLD PRIVATE LIMITED - PASHAMYLARAM,LKDRM2, 150 ,31.04,100," 15,000.00 "
SHENIGARAM RAM REDDY - MALLAMPET ROAD,GIR, 50 ,40.5,2.9," 5,872.50 "
SHENIGARAM RAM REDDY - MALLAMPET ROAD,GIR, 50 ,40.5,2.9," 5,872.50 "
VISHEESHTA INFRACON LLP - MOUTHNAGAR,SLKPY, 30 ,62.81,2.5," 4,710.75 "
GOPI KRISHNA DASARI - TUPRAN ROAD,GIR, 50 ,80.9,2.9," 11,730.50 "
GOPI KRISHNA DASARI - TUPRAN ROAD,GIR II, 100 ,70.608,2.9," 20,476.32 "
GOPI KRISHNA DASARI - TUPRAN ROAD,GIR, 100 ,80.9,2.9," 23,461.00 "
VANGURU NIKHIL REDDY - SAINIKPURI,KSR4, 60 ,50,2.5," 7,500.00 "
VANGURU NIKHIL REDDY - SAINIKPURI,KSR4, 60 ,50,2.5," 7,500.00 "
K GANESH GOUD - BADANGPET,RSDSH, 30 ,74.344,2.5," 5,575.80 "
ADITI AVENUES - (KRISHNA PRIME) KONDAPUR,SLKPY, 50 ,51.69,2.5," 6,461.25 "
ADITI AVENUES - (KRISHNA PRIME) KONDAPUR,GIR, 50 ,72.98,2.9," 10,582.10 "
ACC INDIA PRIVATE LIMITED - LB NAGAR,RSDSH, 235 ,57.452,2.5," 33,753.05 "
MANOMY INFRA DEVELOPERS-THUMKUNTA,GIR II, 100 ,47.766,2.9," 13,852.14 "
MANOMAY INFRA DEVELOPERS - THUMKUNTA 1,GIR II, 100 ,47.766,2.9," 13,852.14 "
SUBASH CHANDER RAINIGARI - MACHABOLLARUM,GIR, 50 ,36.248,2.9," 5,255.96 "
SUBASH CHANDER RAINIGARI - MACHABOLLARUM,GIR, 50 ,36.248,2.9," 5,255.96 "
K S R HOMES INDIA PRIVATE LIMITED - TELLAPUR,SLKPY, 30 ,51.73,2.5," 3,879.75 "
SSVR DEVELOPERS AND BUILDERS LLP - RR HOMES AMEENPUR,SLKPY, 35 ,35.66,100," 3,500.00 "
SSVR DEVELOPERS AND BUILDERS LLP - RR HOMES AMEENPUR,SLKPY, 35 ,35.66,100," 3,500.00 "
ICON CONCRETE - VATTINAGULAPALLI,SLKPY, 500 ,55.04,2.5," 68,800.00 "
ICON CONCRETE - VATTINAGULAPALLI,SLKPY, 500 ,55.04,2.5," 68,800.00 "
ICON CONCRETE - VATTINAGULAPALLI,SLKPY, 200 ,55.04,2.5," 27,520.00 "
AGR CONSTRUCTIONS - PATANCHERUVU,SLKPY," 1,600 ",16.65,100," 160,000.00 "
AGR CONSTRUCTIONS - PATANCHERUVU,SLKPY, 800 ,16.65,100," 80,000.00 "
AGR CONSTRUCTIONS - PATANCHERUVU,SLKPY, 600 ,16.65,100," 60,000.00 "
AGR CONSTRUCTIONS - PATANCHERUVU,SLKPY, 400 ,16.65,100," 40,000.00 "
K C M BUILDERS - CHAITANYAPURI,RSDSH, 30 ,55.336,2.5," 4,150.20 "
KRR INFRA - MOTI NAGAR,GIR, 60 ,69.804,2.9," 12,145.90 "
SRIJA CONSTRUCTIONS - NALLAGANDLA,SLKPY, 60 ,55,2.5," 8,250.00 "
SATYAVARDHAN REDDY VALLAM REDDY - KONDAPUR,SLKPY, 30 ,49.88,2.5," 3,741.00 "
SATYAVARDHAN REDDY VALLAM REDDY - KONDAPUR,SLKPY, 30 ,49.88,2.5," 3,741.00 "
YASHODA HEALTHCARE SERVICES PVT LTD UNIT YASHODA HOSPITAL - MALAKPET,RSDSH, 30 ,63.462,2.5," 4,759.65 "
MAHIDHARA PROJECTS PRIVATE LIMITED - POCHARAM,LKDRM2, 400 ,28.074,100," 40,000.00 "
M VIRENDRA REDDY - SHAMSHABAD,RSDSH, 50 ,108.146,2.5," 13,518.25 "
M VIRENDRA REDDY - SHAMSHABAD,RSDSH, 50 ,108.146,2.5," 13,518.25 "
SLV DEVELOPERS - UPPAL,RSDSH, 60 ,60.494,2.5," 9,074.10 "
BHANU CONSTRUCTIONS - MADEENAGUDA PJR LAYOUT,SLKPY, 35 ,43.58,2.5," 3,813.25 "
POLAGONI SAI PRADEEP GOUD - YAMNAMPET,RSDSH, 60 ,33.552,100," 6,000.00 "
SAKHINETI SURYANARAYANA RAJU - RAJA RAJESHWARA NAGAR,GIR, 50 ,71.892,2.9," 10,424.34 "
ADITI AVENUES - (ADITI LAKSHMI VENKATA PRIME) MANJEERA PIPE LINE ROAD,SLKPY, 50 ,47.76,2.5," 5,970.00 "
ADITI AVENUES - (ADITI LAKSHMI VENKATA PRIME) MANJEERA PIPE LINE ROAD,SLKPY, 50 ,47.76,2.5," 5,970.00 "
APARNA CONSTRUCTIONS AND ESTATES PRIVATE LIMITED - GANDIMAISAMMA,GIR, 200 ,23.866,2.9," 13,842.28 "
PRAGATHI READYMIX CONCRETE,GIR, 500 ,41.576,2.9," 60,285.20 "
PRAGATHI READYMIX CONCRETE,GIR, 500 ,41.576,2.9," 60,285.20 "
PRAGATHI READYMIX CONCRETE,GIR II, 500 ,42.57,2.9," 61,726.50 "
SRINIVASA CONSTRUCTIONS - BANDLAGUDA JAGIR,RSDSH, 60 ,98.726,2.5," 14,808.90 "
SRINIVASA CONSTRUCTIONS - BANDLAGUDA JAGIR,RSDSH, 30 ,98.726,2.5," 7,404.45 "
SRI RAMA CONSTRUCTIONS - SUCHITRA,GIR, 25 ,43.714,2.9," 3,169.27 "
A SESHI SAI REDDY - RAJBOLLARAM,GIR, 200 ,39.51,2.9," 22,915.80 "
NARAGA LINGAIAH - NAGOLE,RSDSH, 60 ,48.538,2.5," 7,280.70 "
APARNA ENTERPRISES - GANDIMAISAMMA,GIR II," 1,000 ",28.34,2.9," 82,186.00 "
APARNA ENTERPRISES - GANDIMAISAMMA,GIR II," 1,000 ",28.34,2.9," 82,186.00 "
APARNA ENTERPRISES - GANDIMAISAMMA,GIR II," 1,000 ",28.34,2.9," 82,186.00 "
SANCO INFRA PROJECTS - GAGILAPUR,GIR II, 100 ,31.47,2.9," 9,126.30 "
SANCO INFRA PROJECTS - GAGILAPUR,SLKPY, 200 ,39.07,100," 20,000.00 "
B THIRUPATHAIAH - SAHEBNAGAR,RSDSH, 30 ,51.9,2.5," 3,892.50 "
HALLMARK INFRA CON INDIA PRIVATE LIMITED - OSMAN NAGAR,GIR, 150 ,96.088,2.9," 41,798.28 "
HALLMARK INFRA CON INDIA PRIVATE LIMITED - OSMAN NAGAR,SLKPY, 800 ,51.99,2.5," 103,980.00 "
HALLMARK INFRA CON INDIA PRIVATE LIMITED - OSMAN NAGAR,SLKPY, 100 ,51.99,2.5," 12,997.50 "
HALLMARK INFRA CON INDIA PRIVATE LIMITED - OSMAN NAGAR,LKDRM2, 300 ,54.51,2.5," 40,882.50 "
YAMBULURI SRIKANTH - ISNAPUR,LKDRM2, 50 ,18.36,100," 5,000.00 "
YAMBULURI SRIKANTH - ISNAPUR,LKDRM2, 50 ,18.36,100," 5,000.00 "
ACE INFRA AND DEVELOPERS - SPRINGVALLY HAFEEZPET,SLKPY, 30 ,50.01,2.5," 3,750.75 "
ACE INFRA AND DEVELOPERS - SPRINGVALLY HAFEEZPET,LKDRM2, 60 ,58.176,2.5," 8,726.40 "
MGR CONSTRUCTIONS - MANIKONDA,SLKPY, 60 ,72.01,2.5," 10,801.50 "
GOPU KARTHIK - SAIDABAD COLONY,RSDSH, 30 ,68.328,2.5," 5,124.60 "
MEGHA ENGINEERING AND INFRASTRUCTURES LIMITED - KHAITLAPUR,GIR," 1,000 ",73.21,2.9," 212,309.00 "
MEGHA ENGINEERING AND INFRASTRUCTURES LIMITED - KHAITLAPUR,GIR II," 1,000 ",73.486,2.9," 213,109.40 "
MEGHA ENGINEERING AND INFRASTRUCTURES LIMITED - KHAITLAPUR,GIR II, 500 ,73.486,2.9," 106,554.70 "
AAKRITI CONSTRUCTIONS AND DEVELOPERS PVT LTD-TELLAPUR,GIR, 200 ,74.086,2.9," 42,969.88 "
THANNERU SRINIVAS - NAGOLE,RSDSH, 60 ,48.094,2.5," 7,214.10 "
V RAGHU VAMSI - SHAIKPET,GIR, 30 ,0,2.9, -   
7 HILLS INFRA - EX WORKS,RSDSH, 25 ,0,0, -   
REBUILD ENGINEERING SERVICES - MATHRUSRINAGAR,GIR, 50 ,61.122,2.9," 8,862.69 "
ALEKHYA BUILDERS - SHAPUR,GIR II, 50 ,46.8,2.9," 6,786.00 "
THERY TENNY BABU - KAPRA,KSR4, 30 ,52,2.5," 3,900.00 "
MALLE GURAVAIAH - NALLAGANDLA,SLKPY, 100 ,45.75,2.5," 11,437.50 "
MALLE GURAVAIAH - NALLAGANDLA,SLKPY, 100 ,45.75,2.5," 11,437.50 "
B VENKATESWARA RAO - SECUNDERABAD,GIR II, 25 ,61.566,2.9," 4,463.54 "
MARUTI HOMES - RK PURAM,RSDSH, 60 ,50.986,2.5," 7,647.90 "
JBM CONSTRUCTIONS AND DEVELOPERS - LINGAMPALLY,SLKPY, 30 ,42.26,2.5," 3,169.50 "
G SRINIVAS - GOPANPALLY,LKDRM2, 30 ,59.474,2.5," 4,460.55 "
SRI SHILPA CONSTRUCTIONS - KOMPALLY,GIR II, 25 ,28.294,2.9," 2,051.32 "
GRISHNESHWAR REALTORS - CHANDANAGAR,GIR II, 50 ,0,2.9, -   
SAIBABA GADDAM - EX WORKS,GIR, 24 ,0,2.9, -   
KOTLA SONS - TUKKUGUDA,RSDSH, 105 ,85.11,2.5," 22,341.38 "
SAMISHTI INFRA DEVELOPERS - BONTHAPALLY,GIR II, 50 ,34.378,2.9," 4,984.81 "
SAMISHTI INFRA DEVELOPERS - BONTHAPALLY,GIR II, 50 ,34.378,2.9," 4,984.81 "
STANCH PROJECTS PRIVATE LIMITED - RAJENDRANAGAR,RSDSH, 90 ,97.622,2.5," 21,964.95 "
STANCH PROJECTS PRIVATE LIMITED - RAJENDRANAGAR,RSDSH, 60 ,97.622,2.5," 14,643.30 "
MAHESHWARI CONSTRUCTIONS AND DEVELOPERS - LINGAMPALLY,SLKPY, 100 ,43.49,2.5," 10,872.50 "
MAHESHWARI CONSTRUCTIONS AND DEVELOPERS -KONDAPUR,SLKPY, 100 ,43.49,2.5," 10,872.50 "
ADITI AVENUES - PATANCHERU,SLKPY, 150 ,16.83,100," 15,000.00 "
ADITI AVENUES - PATANCHERU,SLKPY, 50 ,16.83,100," 5,000.00 "
SREE CONSTRUCTIONS - VATTINAGULAPALLY,SLKPY," 1,600 ",57.37,2.5," 229,480.00 "
SREE CONSTRUCTIONS - VATTINAGULAPALLY,SLKPY," 1,600 ",57.37,2.5," 229,480.00 "
AKKHILA CONSTRUCTIONS - KANDI VILLAGE,LKDRM2, 30 ,36.408,100," 3,000.00 "
K SUDHAKAR REDDY - MEERPET,RSDSH, 30 ,64.982,2.5," 4,873.65 "
SRI LAXMI VENKATRAMANA CONSTRUCTIONS - NARSAPUR,GIR II, 50 ,51.774,2.9," 7,507.23 "
ADEPU RAMNARSAIAH - RL NAGAR,KSR4, 30 ,41.422,2.5," 3,106.65 "
THUKUNTLA SAMPATH RAO - ALWAL,GIR, 25 ,37.234,2.9," 2,699.47 "
THUKUNTLA SAMPATH RAO - ALWAL,GIR II, 75 ,37.51,2.9," 8,158.42 "
TIRUMALA CONSTRUCTIONS - OSMANIA UNIVARCITY,RSDSH, 150 ,67.87,2.5," 25,451.25 "
SREEMAAN PROJECTS - LINGAMPALLY,SLKPY, 120 ,42.834,2.5," 12,850.20 "
INDRANI ENTERPRISES - HAYATHNAGAR,RSDSH, 30 ,36.432,100," 3,000.00 "
ABINANDANA INFRA REALITY LLP - NARSING,LKDRM2, 50 ,81.702,2.5," 10,212.75 "
NAGA SRI HARSHA SUKHAVASI - BORAMPET,GIR, 50 ,40.056,2.9," 5,808.12 "
NAGA SRI HARSHA SUKHAVASI - BORAMPET,GIR II, 50 ,40.332,2.9," 5,848.14 "
NAGA SRI HARSHA SUKHAVASI - BORAMPET,GIR II, 50 ,40.332,2.9," 5,848.14 "
ABINANDANA INFRA REALITY LLP - VELIMALA,LKDRM2, 100 ,44.856,2.5," 11,214.00 "
ABINANDANA INFRA REALITY LLP - VELIMALA,LKDRM2, 100 ,44.856,2.5," 11,214.00 "
ABINANDANA INFRA REALITY LLP - VELIMALA,LKDRM2, 100 ,44.856,2.5," 11,214.00 "
YUVIKSHA DEVELOPERS - SAROORNAGAR,RSDSH, 60 ,56.982,2.5," 8,547.30 "
SRI TIRUMALA CONSTRUCTIONS - MADHAPUR,LKDRM2, 80 ,75.802,2.5," 15,160.40 "
AYATI CONSTRUCTIONS AND ESTATES LLP - MACHABOLLARAM,GIR II, 400 ,38.81,2.9," 45,019.60 "
AYATI CONSTRUCTIONS AND ESTATES LLP - MACHABOLLARAM,GIR II, 300 ,38.81,2.9," 33,764.70 "
SUNIL SHESHAGIRI KAMATH - OLD BOWENPALLY,GIR, 120 ,45.384,2.9," 15,793.63 "
M BHEEMAIAH - ALWAL HILLS,GIR II, 50 ,40.106,2.9," 5,815.37 "
RAMACHANDRAIAH CHOUDARY BASINENI - MATHRUSRINAGAR,GIR, 50 ,62.01,2.9," 8,991.45 "
prosperity homes,LKDRM2," 1,200 ",47.414,2.5," 142,242.00 "
prosperity homes,LKDRM2," 1,000 ",47.414,2.5," 118,535.00 "
prosperity homes,LKDRM2," 1,000 ",47.414,2.5," 118,535.00 "
IRIS INFRA - MADINAGUDA,SLKPY, 100 ,44,2.5," 11,000.00 "
SREE SS CONSTRUCTIONS-CHANDA NAGAR,GIR, 50 ,69.626,2.9," 10,095.77 "
SREE VENKATESWARA SLAB POLISHING INDUSTRIES,RSDSH, 130 ,60.412,2.5," 19,633.90 "
RNG INFRA-PRAGATHI NAGAR,GIR, 200 ,46.406,2.9," 26,915.48 "
RNG INFRA-PRAGATHI NAGAR,GIR, 50 ,46.406,2.9," 6,728.87 "
G.RAJI REDDY-BONGULURU,RSDSH, 120 ,65.08,2.5," 19,524.00 "
HARIKA CONSTRUCTIONS AND DEVELOPERS-NAGOLE,RSDSH, 200 ,44.134,2.5," 22,067.00 "
HBL POWER SYSTEMS LTD-ALIABAD,KSR4," 1,500 ",60,2.5," 225,000.00 "
HBL POWER SYSTEMS LTD-ALIABAD,KSR4, 800 ,60,2.5," 120,000.00 "
K.KONDAL RAO - KUKATPALLY,GIR, 50 ,61.668,2.9," 8,941.86 "
MYSCAPE PROPERTIES PVT LTD-FINANCIAL DISTRICT,GIR, 50 ,89.458,2.9," 12,971.41 "
KAPIL PRECAST AND INFRA PVT LTD-NAGALURU,GIR II, 200 ,9.864,2.9," 5,721.12 "
KAPIL PRECAST AND INFRA PVT LTD-NAGALURU,GIR, 200 ,11.81,2.9," 6,849.80 "
K.VENKATESHWARLU-ALMASGUDA,RSDSH, 60 ,65.03,2.5," 9,754.50 "
M.SURYANARAYANA-ALMASGUDA,RSDSH, 60 ,65.786,2.5," 9,867.90 "
MACHENDAR REDDY-HASTHINAPURAM,RSDSH, 60 ,62.776,2.5," 9,416.40 "
EVEREST ORGANICS LTD - SADASIVAPET,LKDRM2, 30 ,100.336,2.5," 7,525.20 "
SRI LAKSHMI ENTERPRISES-IDA BOLLARAM,GIR II, 200 ,47.06,2.9," 27,294.80 "
SRI LAKSHMI ENTERPRISES-IDA BOLLARAM,GIR II, 25 ,47.06,2.9," 3,411.85 "
DBS AND CO,LKDRM2, 60 ,109.16,2.5," 16,374.00 "
ADITYA OM - MEDCHAL,GIR II, 100 ,30.758,2.9," 8,919.82 "
SRI RAMA DEVELOPERS1 - BAHADURPALLY,GIR II, 50 ,34.354,2.9," 4,981.33 "
JRT CONSTRUCTIONS-MADHAPUR,GIR, 30 ,78.956,2.9," 6,869.17 "
BRAMHAIAH - ALMASGUDA,RSDSH, 100 ,68.02,2.5," 17,005.00 "
RDC CONCRETE INDIA PVT LTD - BACHUPALLY,SLKPY, 800 ,41.2,2.5," 82,400.00 "
RDC CONCRETE INDIA PVT LTD - BACHUPALLY,SLKPY, 800 ,41.2,2.5," 82,400.00 "
RDC CONCRETE INDIA PVT LTD - BACHUPALLY,SLKPY, 700 ,41.2,2.5," 72,100.00 "
MUPPA PROJECTS INDIA PVT LTD - OSMAN NAGAR,GIR, 50 ,111.786,2.9," 16,208.97 "
MUPPA PROJECTS INDIA PVT LTD - OSMAN NAGAR,LKDRM2, 100 ,63.488,2.5," 15,872.00 "
FIRSTCHOICE READY MIX PRIVATE LIMITED - IDA BOLLARAM,GIR II," 3,000 ",48.368,2.9," 420,801.60 "
FIRSTCHOICE READY MIX PRIVATE LIMITED - IDA BOLLARAM,GIR II," 2,500 ",48.368,2.9," 350,668.00 "
FIRSTCHOICE READY MIX PRIVATE LIMITED - IDA BOLLARAM,GIR II," 2,000 ",48.368,2.9," 280,534.40 "
P NAVEEN REDDY - NAGOLE,RSDSH, 100 ,46.768,2.5," 11,692.00 "
STARLITE  SPINTECH LIMITED - CHINTAL,GIR II, 200 ,51.892,2.9," 30,097.36 "
STARLITE  SPINTECH LIMITED - CHINTAL,GIR II, 200 ,51.892,2.9," 30,097.36 "
STARLITE  SPINTECH LIMITED - CHINTAL,GIR II, 200 ,51.892,2.9," 30,097.36 "
STAR LITE GLOBAL ENTERPRISE INDIA LIMITED - CHINTAL,GIR II, 300 ,51.96,2.9," 45,205.20 "
STAR LITE GLOBAL ENTERPRISE INDIA LIMITED - CHINTAL,GIR II, 200 ,51.96,2.9," 30,136.80 "
STAR LITE GLOBAL ENTERPRISE INDIA LIMITED - CHINTAL,GIR II, 200 ,51.96,2.9," 30,136.80 "
PACIFICA (INDIA) PROJECTS PVT LTD HILL CREST PROJECT,GIR, 50 ,87.036,2.9," 12,620.22 "
T RANGA RAO - MEERPET,RSDSH, 60 ,52.87,2.5," 7,930.50 "
SRI SAI DWARAKMAI HOMES SOMAJI GUDA,GIR, 50 ,67.324,2.9," 9,761.98 "
SRIVEN AVENUES PRIVATE LIMITED-NARSINGI,LKDRM2, 200 ,81.802,2.5," 40,901.00 "
RDC CONCRETE INDIA  PVT LTD-MEDCHAL,GIR II, 800 ,30.278,2.9," 70,244.96 "
RDC CONCRETE INDIA  PVT LTD-MEDCHAL,GIR II, 800 ,30.278,2.9," 70,244.96 "
RDC CONCRETE INDIA  PVT LTD-MEDCHAL,GIR II, 700 ,30.278,2.9," 61,464.34 "
MYSCAPE PROPERTIES PVT LTD-HAFEEZPET,GIR, 50 ,70.422,2.9," 10,211.19 "
MYSCAPE PROPERTIES PVT LTD-HAFEEZPET,GIR, 50 ,70.422,2.9," 10,211.19 "
VAISHNAVI INFRACON INDIA PVT LTD-BANDLAGUDA,RSDSH, 100 ,102.75,2.5," 25,687.50 "
SRAVANTHI CONSTRUCTIONS PVT LTD -AMEERPET,GIR, 100 ,72.768,2.9," 21,102.72 "
SRAVANTHI CONSTRUCTIONS PVT LTD -AMEERPET,GIR, 30 ,72.768,2.9," 6,330.82 "
SHREE SAI TIRUMALA CONSTRUCTIONS 1-SANATH NAGAR,GIR, 25 ,69.128,2.9," 5,011.78 "
SHREE SAI TIRUMALA CONSTRUCTIONS 1-SANATH NAGAR,GIR, 100 ,69.128,2.9," 20,047.12 "
RDC CONCRETE INDIA PRIVATE LIMITED-VATTINAGULAPALLI,SLKPY," 2,000 ",58.52,2.5," 292,600.00 "
RDC CONCRETE INDIA PRIVATE LIMITED-VATTINAGULAPALLI,SLKPY," 1,000 ",58.52,2.5," 146,300.00 "
RDC CONCRETE INDIA PRIVATE LIMITED-VATTINAGULAPALLI,SLKPY," 1,000 ",58.52,2.5," 146,300.00 "
TRITON INFRA-BADHURPALLY,GIR, 25 ,36.41,2.9," 2,639.72 "
SRIJA CONSTRUCTIONS- NAGOLE,RSDSH, 60 ,48.45,2.5," 7,267.50 "
ONE CONSTRUCTIONS,GIR, 100 ,27,2.9," 7,830.00 "
ONE CONSTRUCTIONS,GIR II, 100 ,27.282,2.9," 7,911.78 "
NARAYANA REDDY - BADANGPET,RSDSH, 30 ,64.88,2.5," 4,866.00 "
PRECA SOLUTIONS INDIA PRIVATE LIMITED-SHANKARPALLY,LKDRM2," 1,000 ",53.916,2.5," 134,790.00 "
PRECA SOLUTIONS INDIA PRIVATE LIMITED-SHANKARPALLY,LKDRM2," 1,000 ",69.054,2.5," 172,635.00 "
PRECA SOLUTIONS INDIA PRIVATE LIMITED-SHANKARPALLY,LKDRM2," 1,000 ",69.054,2.5," 172,635.00 "
MAKUTA DEVELOPERS - BACHUPALLI,GIR, 150 ,38.522,2.9," 16,757.07 "
"SUBBA RAO,GOLDENKEYCONSTIRUCTION,SRI RAMA CONSTRUCTION",LKDRM2," 1,000 ",0,0, -   
SVS GLOBAL INFRA ,RSDSH, 60 ,0,0, -   
INDIAN HUME PIPES,RSDSH, 400 ,20,2.5," 20,000.00 "
Manju Infra-Kondapur,LKDRM2, 40 ,58,2.4," 5,568.00 "
Manju Infra-Kondapur,LKDRM2, 40 ,58,2.4," 5,568.00 "
Swarna Kumr Reddy,LKDRM2, 100 ,67,2.4," 16,080.00 "
Swarna Kumr Reddy,LKDRM2, 50 ,67,2.4," 8,040.00 "
SANTOSH REDDY CHILKANAGAR ,RSDSH, 60 ,62,2.5," 9,300.00 "
SANTOSH REDDY CHILKANAGAR ,RSDSH, 30 ,62,2.5," 4,650.00 "
GHAR Infra,LKDRM2, 500 ,50,2.4," 60,000.00 "
GHAR Infra,LKDRM2, 250 ,50,2.4," 30,000.00 "
GHAR Infra,LKDRM2, 250 ,50,2.4," 30,000.00 "
KRISHNA REDDY HAYATHNAGAR ,RSDSH, 60 ,62,2.5," 9,300.00 "
